customer_id,email,first_name,last_name,country,signup_ts,is_active
c00001,qing.gomez0001@example.com,Qing,Gomez,CA,2025-05-10T13:32:57,false
c00002,gus.bishop0002@example.com,Gus,Bishop,BR,2025-03-17T14:37:58,false
c00003,marcos.doan0003@example.com,Marcos,Doan,US,2025-04-18T11:13:48,true
c00004,wen.tran0004@example.com,Wen,Tran,AU,2025-11-15T06:30:16,true
c00005,gus.cole0005@example.com,Gus,Cole,VN,2025-12-28T08:26:47,true
c00006,uma.park0006@example.com,Uma,Park,US,2025-11-25T15:16:09,true
c00007,zane.xu0007@example.com,Zane,Xu,US,2025-05-24T22:59:37,true
c00008,dana.nguyen0008@example.com,Dana,Nguyen,US,2026-04-21T21:04:07,true
c00009,zane.kapoor0009@example.com,Zane,Kapoor,US,2025-07-20T02:23:34,true
c00010,chen.liu0010@example.com,Chen,Liu,US,2025-12-18T16:21:36,true
c00011,qing.bishop0011@example.com,Qing,Bishop,GB,2025-04-07T09:42:45,true
c00012,kai.tran0012@example.com,Kai,Tran,DE,2025-10-20T22:05:09,true
c00013,yara.nguyen0013@example.com,Yara,Nguyen,ES,2025-07-30T06:25:58,true
c00014,uma.wang0014@example.com,Uma,Wang,DE,2025-08-10T15:26:55,false
c00015,lina.bishop0015@example.com,Lina,Bishop,US,2025-12-22T19:14:03,true
c00016,oluwa.faroukh0016@example.com,Oluwa,Faroukh,US,2025-06-12T10:31:53,true
c00017,oluwa.liu0017@example.com,Oluwa,Liu,VN,2026-03-08T23:02:34,true
c00018,huy.ueda0018@example.com,Huy,Ueda,US,2026-04-10T02:44:42,true
c00019,bao.hsu0019@example.com,Bao,Hsu,DE,2025-11-02T06:38:21,true
c00020,yara.tran0020@example.com,Yara,Tran,GB,2026-04-11T17:03:16,false
c00021,elena.saito0021@example.com,Elena,Saito,US,2025-11-29T01:58:11,true
c00022,marcos.ortiz0022@example.com,Marcos,Ortiz,GB,2025-08-18T21:41:27,true
c00023,tara.ito0023@example.com,Tara,Ito,US,2025-10-05T01:21:17,true
c00024,farah.esposito0024@example.com,Farah,Esposito,US,2025-10-26T16:20:05,true
c00025,chen.liu0025@example.com,Chen,Liu,DE,2026-01-02T18:28:49,true
c00026,wen.adler0026@example.com,Wen,Adler,GB,2026-02-26T11:38:54,false
c00027,sven.adler0027@example.com,Sven,Adler,FR,2025-07-15T07:49:25,true
c00028,bao.reyes0028@example.com,Bao,Reyes,US,2025-10-03T05:21:09,true
c00029,chen.marchetti0029@example.com,Chen,Marchetti,AU,2025-06-14T03:05:45,true
c00030,farah.adler0030@example.com,Farah,Adler,US,2026-03-18T16:17:15,true
c00031,uma.zhao0031@example.com,Uma,Zhao,VN,2025-07-01T08:51:39,true
c00032,priya.tran0032@example.com,Priya,Tran,DE,2025-12-29T21:33:04,true
c00033,sven.gomez0033@example.com,Sven,Gomez,FR,2026-02-03T12:13:03,true
c00034,kai.reyes0034@example.com,Kai,Reyes,DE,2025-08-17T10:15:40,true
c00035,kai.cole0035@example.com,Kai,Cole,FR,2025-05-27T06:30:22,true
c00036,qing.saito0036@example.com,Qing,Saito,GB,2026-03-08T14:07:59,true
c00037,sven.tran0037@example.com,Sven,Tran,BR,2026-01-11T14:06:15,true
c00038,uma.esposito0038@example.com,Uma,Esposito,VN,2025-10-28T22:48:33,true
c00039,dana.ortiz0039@example.com,Dana,Ortiz,US,2025-07-09T02:06:33,true
c00040,gus.nguyen0040@example.com,Gus,Nguyen,US,2026-01-06T14:30:32,true
c00041,sven.jackson0041@example.com,Sven,Jackson,FR,2025-10-13T01:42:17,true
c00042,yara.jackson0042@example.com,Yara,Jackson,ES,2024-12-30T04:06:15,true
c00043,sven.gomez0043@example.com,Sven,Gomez,BR,2025-06-23T11:48:24,true
c00044,oluwa.ortiz0044@example.com,Oluwa,Ortiz,US,2025-07-12T17:21:59,true
c00045,sven.bishop0045@example.com,Sven,Bishop,US,2025-10-04T05:30:09,true
c00046,wen.gomez0046@example.com,Wen,Gomez,DE,2025-10-15T18:36:09,true
c00047,elena.doan0047@example.com,Elena,Doan,VN,2025-09-07T01:35:32,true
c00048,tara.yamada0048@example.com,Tara,Yamada,CA,2025-08-15T12:23:52,true
c00049,alex.yamada0049@example.com,Alex,Yamada,US,2025-07-25T22:26:18,true
c00050,zane.marchetti0050@example.com,Zane,Marchetti,US,2026-03-17T10:19:10,true
c00051,huy.cole0051@example.com,Huy,Cole,BR,2026-03-18T17:30:26,true
c00052,oluwa.adler0052@example.com,Oluwa,Adler,DE,2025-08-31T10:19:24,false
c00053,alex.zhao0053@example.com,Alex,Zhao,GB,2025-09-14T19:11:44,true
c00054,bao.ito0054@example.com,Bao,Ito,US,2026-05-07T18:11:33,true
c00055,vlad.quinn0055@example.com,Vlad,Quinn,CA,2025-09-01T13:58:18,true
c00056,yara.marchetti0056@example.com,Yara,Marchetti,US,2025-06-13T07:12:55,true
c00057,bao.reyes0057@example.com,Bao,Reyes,US,2025-04-18T07:44:50,true
c00058,jakub.cole0058@example.com,Jakub,Cole,AU,2025-03-21T22:35:19,true
c00059,uma.esposito0059@example.com,Uma,Esposito,GB,2025-03-11T14:07:07,true
c00060,nia.cole0060@example.com,Nia,Cole,GB,2025-07-18T07:21:59,true
c00061,gus.wang0061@example.com,Gus,Wang,FR,2025-02-12T12:13:40,true
c00062,indira.kapoor0062@example.com,Indira,Kapoor,BR,2025-12-19T07:44:05,true
c00063,nia.cole0063@example.com,Nia,Cole,JP,2025-12-06T07:30:07,true
c00064,bao.cole0064@example.com,Bao,Cole,BR,2025-09-15T23:47:28,true
c00065,chen.quinn0065@example.com,Chen,Quinn,US,2025-05-13T16:15:11,true
c00066,alex.tran0066@example.com,Alex,Tran,US,2025-03-08T22:15:51,true
c00067,tara.liu0067@example.com,Tara,Liu,GB,2025-12-31T17:11:53,false
c00068,dana.hsu0068@example.com,Dana,Hsu,BR,2025-04-22T15:07:42,true
c00069,marcos.reyes0069@example.com,Marcos,Reyes,US,2025-09-24T20:28:24,true
c00070,alex.kapoor0070@example.com,Alex,Kapoor,FR,2025-03-31T14:42:55,true
c00071,vlad.hsu0071@example.com,Vlad,Hsu,GB,2025-02-21T01:08:09,true
c00072,zane.marchetti0072@example.com,Zane,Marchetti,US,2025-08-03T02:52:32,true
c00073,indira.adler0073@example.com,Indira,Adler,US,2025-06-28T19:58:52,true
c00074,qing.liu0074@example.com,Qing,Liu,FR,2025-10-15T12:56:05,true
c00075,tara.gomez0075@example.com,Tara,Gomez,US,2025-05-10T10:19:41,true
c00076,kai.ortiz0076@example.com,Kai,Ortiz,US,2025-12-26T00:55:21,true
c00077,lina.adler0077@example.com,Lina,Adler,FR,2025-10-22T05:00:18,true
c00078,chen.saito0078@example.com,Chen,Saito,US,2025-09-14T16:34:07,true
c00079,farah.doan0079@example.com,Farah,Doan,VN,2026-01-19T15:08:32,true
c00080,alex.nguyen0080@example.com,Alex,Nguyen,CA,2025-02-24T22:46:58,true
c00081,zane.xu0081@example.com,Zane,Xu,DE,2025-09-20T09:35:50,true
c00082,jakub.esposito0082@example.com,Jakub,Esposito,US,2025-08-13T18:29:21,true
c00083,ximena.quinn0083@example.com,Ximena,Quinn,FR,2025-10-26T11:12:29,true
c00084,yara.marchetti0084@example.com,Yara,Marchetti,BR,2025-08-02T09:07:08,true
c00085,lina.reyes0085@example.com,Lina,Reyes,GB,2025-10-15T16:41:57,false
c00086,qing.quinn0086@example.com,Qing,Quinn,DE,2025-03-13T11:37:56,true
c00087,elena.ortiz0087@example.com,Elena,Ortiz,GB,2025-11-22T10:53:05,false
c00088,chen.ueda0088@example.com,Chen,Ueda,US,2025-08-05T13:53:22,true
c00089,rosa.park0089@example.com,Rosa,Park,GB,2025-11-02T17:02:07,true
c00090,lina.xu0090@example.com,Lina,Xu,US,2025-11-16T00:37:46,true
c00091,dana.liu0091@example.com,Dana,Liu,FR,2026-03-21T12:34:33,true
c00092,oluwa.kapoor0092@example.com,Oluwa,Kapoor,US,2025-06-30T13:03:59,true
c00093,gus.jackson0093@example.com,Gus,Jackson,US,2025-06-29T00:23:14,true
c00094,tara.doan0094@example.com,Tara,Doan,GB,2025-12-10T04:13:21,true
c00095,huy.gomez0095@example.com,Huy,Gomez,GB,2025-09-29T06:09:33,true
c00096,elena.jackson0096@example.com,Elena,Jackson,AU,2026-03-10T12:33:41,true
c00097,alex.quinn0097@example.com,Alex,Quinn,US,2025-01-03T20:12:05,true
c00098,wen.esposito0098@example.com,Wen,Esposito,US,2025-09-24T17:49:25,true
c00099,yara.marchetti0099@example.com,Yara,Marchetti,US,2026-02-22T09:51:33,true
c00100,priya.marchetti0100@example.com,Priya,Marchetti,JP,2026-02-15T14:49:48,true
c00101,yara.ortiz0101@example.com,Yara,Ortiz,US,2025-06-27T08:50:08,true
c00102,yara.esposito0102@example.com,Yara,Esposito,DE,2026-03-21T09:13:47,true
c00103,zane.park0103@example.com,Zane,Park,US,2025-09-21T13:49:38,false
c00104,tara.jackson0104@example.com,Tara,Jackson,US,2025-10-17T06:24:28,true
c00105,ximena.vargas0105@example.com,Ximena,Vargas,VN,2025-11-08T14:39:40,true
c00106,gus.jackson0106@example.com,Gus,Jackson,CA,2025-09-06T23:49:35,true
c00107,gus.wang0107@example.com,Gus,Wang,FR,2025-09-05T06:45:44,true
c00108,chen.gomez0108@example.com,Chen,Gomez,US,2025-02-20T23:12:45,true
c00109,alex.quinn0109@example.com,Alex,Quinn,JP,2025-12-22T04:26:41,true
c00110,oluwa.cole0110@example.com,Oluwa,Cole,ES,2025-09-28T16:23:42,true
c00111,huy.bishop0111@example.com,Huy,Bishop,US,2025-04-03T14:58:07,true
c00112,jakub.esposito0112@example.com,Jakub,Esposito,US,2025-07-20T18:03:15,true
c00113,gus.ortiz0113@example.com,Gus,Ortiz,AU,2025-04-04T11:07:49,true
c00114,marcos.cole0114@example.com,Marcos,Cole,GB,2025-12-18T12:10:47,false
c00115,ximena.tran0115@example.com,Ximena,Tran,US,2026-02-09T16:25:32,true
c00116,rosa.reyes0116@example.com,Rosa,Reyes,DE,2025-08-24T12:57:56,true
c00117,wen.esposito0117@example.com,Wen,Esposito,CA,2025-10-05T17:35:24,true
c00118,dana.cole0118@example.com,Dana,Cole,DE,2025-11-26T01:44:56,true
c00119,uma.wang0119@example.com,Uma,Wang,DE,2025-07-26T09:58:56,true
c00120,uma.reyes0120@example.com,Uma,Reyes,CA,2026-03-03T20:26:01,true
c00121,farah.ito0121@example.com,Farah,Ito,US,2025-05-08T20:48:42,true
c00122,yara.esposito0122@example.com,Yara,Esposito,VN,2025-01-06T21:14:28,true
c00123,zane.wang0123@example.com,Zane,Wang,US,2025-08-18T07:22:17,false
c00124,kai.xu0124@example.com,Kai,Xu,US,2026-02-11T08:16:45,true
c00125,yara.faroukh0125@example.com,Yara,Faroukh,FR,2026-02-13T04:45:10,true
c00126,lina.vargas0126@example.com,Lina,Vargas,US,2026-03-23T07:13:34,true
c00127,indira.gomez0127@example.com,Indira,Gomez,CA,2025-09-07T18:40:26,true
c00128,kai.jackson0128@example.com,Kai,Jackson,US,2025-10-10T04:37:40,true
c00129,bao.xu0129@example.com,Bao,Xu,ES,2025-01-11T01:31:39,true
c00130,elena.vargas0130@example.com,Elena,Vargas,US,2026-01-30T13:21:47,true
c00131,zane.park0131@example.com,Zane,Park,US,2025-08-13T13:54:56,true
c00132,priya.nguyen0132@example.com,Priya,Nguyen,ES,2025-08-22T03:14:55,true
c00133,uma.park0133@example.com,Uma,Park,US,2025-08-12T05:04:20,true
c00134,lina.jackson0134@example.com,Lina,Jackson,DE,2025-11-01T06:23:20,true
c00135,huy.park0135@example.com,Huy,Park,US,2025-12-06T23:14:00,true
c00136,alex.ueda0136@example.com,Alex,Ueda,DE,2025-09-15T23:14:42,true
c00137,nia.gomez0137@example.com,Nia,Gomez,AU,2025-04-27T03:12:30,true
c00138,sven.wang0138@example.com,Sven,Wang,US,2025-11-14T16:34:08,true
c00139,chen.saito0139@example.com,Chen,Saito,CA,2025-09-20T21:40:17,true
c00140,wen.esposito0140@example.com,Wen,Esposito,US,2025-09-11T10:34:56,true
c00141,tara.park0141@example.com,Tara,Park,GB,2025-09-21T02:13:14,true
c00142,zane.park0142@example.com,Zane,Park,US,2025-10-05T07:33:29,true
c00143,farah.reyes0143@example.com,Farah,Reyes,GB,2025-05-19T06:12:25,true
c00144,jakub.doan0144@example.com,Jakub,Doan,BR,2025-01-26T20:25:34,true
c00145,dana.ito0145@example.com,Dana,Ito,GB,2025-11-03T06:38:29,true
c00146,bao.adler0146@example.com,Bao,Adler,FR,2026-01-25T04:13:43,true
c00147,dana.jackson0147@example.com,Dana,Jackson,US,2025-03-08T00:01:11,true
c00148,yara.nguyen0148@example.com,Yara,Nguyen,DE,2026-01-01T16:05:11,true
c00149,wen.quinn0149@example.com,Wen,Quinn,AU,2026-02-12T18:37:36,true
c00150,vlad.bishop0150@example.com,Vlad,Bishop,DE,2025-09-13T06:07:40,false
c00151,bao.ito0151@example.com,Bao,Ito,FR,2025-08-05T09:13:05,true
c00152,uma.bishop0152@example.com,Uma,Bishop,FR,2025-11-09T10:36:49,true
c00153,nia.ortiz0153@example.com,Nia,Ortiz,DE,2025-10-16T03:12:56,true
c00154,alex.faroukh0154@example.com,Alex,Faroukh,FR,2026-01-28T10:19:04,true
c00155,rosa.park0155@example.com,Rosa,Park,CA,2026-03-01T16:37:27,true
c00156,vlad.quinn0156@example.com,Vlad,Quinn,US,2025-10-06T03:05:36,true
c00157,dana.wang0157@example.com,Dana,Wang,GB,2025-12-09T09:35:31,true
c00158,gus.yamada0158@example.com,Gus,Yamada,US,2025-06-08T08:13:53,true
c00159,dana.ito0159@example.com,Dana,Ito,JP,2025-10-20T20:08:12,true
c00160,chen.adler0160@example.com,Chen,Adler,VN,2025-12-05T13:04:56,false
c00161,rosa.reyes0161@example.com,Rosa,Reyes,US,2026-01-09T12:47:09,true
c00162,jakub.wang0162@example.com,Jakub,Wang,ES,2025-11-14T13:51:07,true
c00163,vlad.kapoor0163@example.com,Vlad,Kapoor,GB,2025-03-05T22:23:06,true
c00164,tara.ito0164@example.com,Tara,Ito,GB,2025-04-19T10:19:19,true
c00165,elena.park0165@example.com,Elena,Park,GB,2025-09-04T13:17:32,true
c00166,tara.hsu0166@example.com,Tara,Hsu,CA,2025-01-20T07:01:52,true
c00167,gus.vargas0167@example.com,Gus,Vargas,GB,2025-11-26T11:54:01,true
c00168,jakub.cole0168@example.com,Jakub,Cole,ES,2025-10-02T11:15:10,true
c00169,lina.bishop0169@example.com,Lina,Bishop,DE,2025-12-13T03:09:59,true
c00170,elena.adler0170@example.com,Elena,Adler,US,2025-02-25T14:32:08,true
c00171,indira.reyes0171@example.com,Indira,Reyes,DE,2025-05-31T17:10:15,true
c00172,wen.nguyen0172@example.com,Wen,Nguyen,US,2025-04-27T00:04:03,true
c00173,priya.marchetti0173@example.com,Priya,Marchetti,US,2025-10-19T11:08:09,true
c00174,farah.zhao0174@example.com,Farah,Zhao,JP,2026-02-23T09:09:05,true
c00175,huy.saito0175@example.com,Huy,Saito,FR,2025-09-08T05:58:42,true
c00176,ximena.quinn0176@example.com,Ximena,Quinn,US,2025-09-22T15:37:22,true
c00177,tara.adler0177@example.com,Tara,Adler,ES,2025-03-16T05:14:20,true
c00178,zane.ueda0178@example.com,Zane,Ueda,US,2026-03-07T01:42:44,true
c00179,ximena.ortiz0179@example.com,Ximena,Ortiz,VN,2025-11-17T01:12:06,true
c00180,qing.adler0180@example.com,Qing,Adler,US,2026-04-21T15:53:39,false
c00181,huy.liu0181@example.com,Huy,Liu,US,2025-11-17T03:54:11,true
c00182,ximena.hsu0182@example.com,Ximena,Hsu,US,2026-04-03T08:31:55,true
c00183,farah.saito0183@example.com,Farah,Saito,VN,2026-01-03T07:48:46,true
c00184,elena.adler0184@example.com,Elena,Adler,CA,2025-09-02T09:34:24,true
c00185,tara.saito0185@example.com,Tara,Saito,US,2025-05-15T07:35:52,true
c00186,chen.gomez0186@example.com,Chen,Gomez,CA,2025-12-03T01:27:52,false
c00187,elena.ito0187@example.com,Elena,Ito,US,2025-08-08T19:31:02,true
c00188,vlad.ito0188@example.com,Vlad,Ito,US,2025-09-22T21:35:10,false
c00189,rosa.saito0189@example.com,Rosa,Saito,GB,2025-08-26T14:44:04,true
c00190,sven.nguyen0190@example.com,Sven,Nguyen,VN,2025-09-07T14:37:34,true
c00191,oluwa.nguyen0191@example.com,Oluwa,Nguyen,BR,2026-04-10T02:49:34,true
c00192,gus.esposito0192@example.com,Gus,Esposito,JP,2025-03-24T03:09:13,true
c00193,alex.doan0193@example.com,Alex,Doan,US,2026-01-26T12:21:27,true
c00194,zane.marchetti0194@example.com,Zane,Marchetti,US,2026-01-24T13:49:32,true
c00195,indira.zhao0195@example.com,Indira,Zhao,US,2025-01-04T14:03:50,true
c00196,sven.park0196@example.com,Sven,Park,VN,2025-10-10T06:12:52,true
c00197,gus.faroukh0197@example.com,Gus,Faroukh,US,2026-04-07T07:04:05,true
c00198,oluwa.zhao0198@example.com,Oluwa,Zhao,US,2026-01-19T13:02:03,true
c00199,oluwa.yamada0199@example.com,Oluwa,Yamada,AU,2025-04-21T08:22:39,true
c00200,rosa.jackson0200@example.com,Rosa,Jackson,US,2025-05-19T02:25:32,true
c00201,jakub.ito0201@example.com,Jakub,Ito,US,2026-03-17T14:52:11,true
c00202,chen.park0202@example.com,Chen,Park,DE,2025-11-09T14:19:13,true
c00203,lina.marchetti0203@example.com,Lina,Marchetti,GB,2025-07-13T18:05:07,true
c00204,lina.doan0204@example.com,Lina,Doan,GB,2024-12-21T08:09:02,true
c00205,kai.jackson0205@example.com,Kai,Jackson,US,2025-10-06T17:57:12,false
c00206,alex.marchetti0206@example.com,Alex,Marchetti,US,2024-11-26T10:40:22,true
c00207,lina.park0207@example.com,Lina,Park,US,2026-02-23T02:07:49,true
c00208,wen.marchetti0208@example.com,Wen,Marchetti,BR,2025-12-19T19:14:55,true
c00209,ximena.vargas0209@example.com,Ximena,Vargas,FR,2026-01-14T13:10:08,true
c00210,alex.liu0210@example.com,Alex,Liu,US,2025-04-06T04:57:16,true
c00211,alex.faroukh0211@example.com,Alex,Faroukh,ES,2025-09-26T23:57:39,true
c00212,oluwa.kapoor0212@example.com,Oluwa,Kapoor,FR,2025-11-13T06:34:56,true
c00213,farah.doan0213@example.com,Farah,Doan,US,2025-11-10T00:41:34,true
c00214,oluwa.xu0214@example.com,Oluwa,Xu,US,2026-02-12T23:16:11,true
c00215,nia.zhao0215@example.com,Nia,Zhao,US,2026-03-12T03:55:51,true
c00216,priya.wang0216@example.com,Priya,Wang,US,2025-09-05T20:43:50,true
c00217,uma.hsu0217@example.com,Uma,Hsu,US,2025-04-06T07:08:51,true
c00218,rosa.liu0218@example.com,Rosa,Liu,GB,2025-04-21T03:05:47,true
c00219,vlad.reyes0219@example.com,Vlad,Reyes,US,2025-07-31T01:44:13,true
c00220,lina.adler0220@example.com,Lina,Adler,GB,2026-02-25T14:56:53,true
c00221,tara.ortiz0221@example.com,Tara,Ortiz,US,2025-04-15T15:00:30,true
c00222,indira.yamada0222@example.com,Indira,Yamada,US,2026-03-06T08:52:23,true
c00223,zane.ueda0223@example.com,Zane,Ueda,GB,2025-11-16T17:01:32,true
c00224,uma.marchetti0224@example.com,Uma,Marchetti,US,2026-04-15T11:57:04,true
c00225,dana.hsu0225@example.com,Dana,Hsu,BR,2026-01-01T21:11:18,true
c00226,lina.doan0226@example.com,Lina,Doan,JP,2026-01-25T16:26:54,true
c00227,alex.adler0227@example.com,Alex,Adler,US,2026-03-06T12:04:24,true
c00228,lina.kapoor0228@example.com,Lina,Kapoor,AU,2025-03-27T16:11:02,true
c00229,rosa.kapoor0229@example.com,Rosa,Kapoor,US,2025-11-24T20:27:36,true
c00230,rosa.marchetti0230@example.com,Rosa,Marchetti,FR,2025-11-18T03:45:22,true
c00231,indira.park0231@example.com,Indira,Park,GB,2025-10-17T19:22:14,true
c00232,jakub.adler0232@example.com,Jakub,Adler,DE,2025-11-03T19:57:01,true
c00233,dana.hsu0233@example.com,Dana,Hsu,US,2025-04-20T00:25:04,true
c00234,priya.faroukh0234@example.com,Priya,Faroukh,CA,2026-01-23T11:47:38,true
c00235,uma.xu0235@example.com,Uma,Xu,US,2026-02-19T22:56:07,true
c00236,qing.hsu0236@example.com,Qing,Hsu,US,2025-10-25T03:40:08,true
c00237,tara.ueda0237@example.com,Tara,Ueda,FR,2025-10-12T12:57:00,true
c00238,lina.faroukh0238@example.com,Lina,Faroukh,GB,2025-07-28T23:47:06,true
c00239,indira.nguyen0239@example.com,Indira,Nguyen,DE,2025-11-25T21:55:07,true
c00240,lina.liu0240@example.com,Lina,Liu,US,2025-10-17T13:27:49,true
c00241,bao.marchetti0241@example.com,Bao,Marchetti,GB,2025-11-08T21:08:24,true
c00242,indira.esposito0242@example.com,Indira,Esposito,CA,2025-12-19T11:32:50,true
c00243,rosa.marchetti0243@example.com,Rosa,Marchetti,US,2025-09-09T07:48:15,true
c00244,oluwa.hsu0244@example.com,Oluwa,Hsu,US,2025-07-11T02:08:32,true
c00245,wen.bishop0245@example.com,Wen,Bishop,CA,2025-03-05T02:28:24,false
c00246,vlad.nguyen0246@example.com,Vlad,Nguyen,AU,2025-03-08T10:50:50,true
c00247,elena.doan0247@example.com,Elena,Doan,US,2025-11-27T22:31:30,true
c00248,nia.ito0248@example.com,Nia,Ito,GB,2025-11-23T16:28:01,true
c00249,sven.ortiz0249@example.com,Sven,Ortiz,CA,2024-12-02T06:55:19,true
c00250,sven.bishop0250@example.com,Sven,Bishop,ES,2025-12-27T21:39:11,true
c00251,rosa.reyes0251@example.com,Rosa,Reyes,US,2025-01-12T14:35:37,true
c00252,gus.esposito0252@example.com,Gus,Esposito,US,2025-01-14T15:32:09,true
c00253,gus.vargas0253@example.com,Gus,Vargas,BR,2025-03-25T04:52:57,false
c00254,lina.ueda0254@example.com,Lina,Ueda,AU,2026-02-06T06:34:16,true
c00255,marcos.park0255@example.com,Marcos,Park,GB,2025-12-23T14:39:16,true
c00256,uma.xu0256@example.com,Uma,Xu,ES,2025-10-05T15:36:34,true
c00257,tara.reyes0257@example.com,Tara,Reyes,DE,2025-12-04T19:59:34,true
c00258,elena.hsu0258@example.com,Elena,Hsu,US,2025-09-01T13:35:27,true
c00259,oluwa.doan0259@example.com,Oluwa,Doan,BR,2026-02-11T20:53:13,true
c00260,wen.nguyen0260@example.com,Wen,Nguyen,US,2025-04-30T10:04:34,true
c00261,rosa.hsu0261@example.com,Rosa,Hsu,GB,2025-07-17T03:05:32,true
c00262,vlad.hsu0262@example.com,Vlad,Hsu,GB,2025-02-01T04:04:29,true
c00263,sven.park0263@example.com,Sven,Park,US,2025-10-24T19:03:44,false
c00264,oluwa.gomez0264@example.com,Oluwa,Gomez,US,2025-03-01T00:15:57,true
c00265,elena.bishop0265@example.com,Elena,Bishop,CA,2025-09-26T21:26:02,true
c00266,gus.cole0266@example.com,Gus,Cole,US,2026-01-13T09:49:25,true
c00267,alex.xu0267@example.com,Alex,Xu,ES,2025-03-17T14:11:14,true
c00268,bao.adler0268@example.com,Bao,Adler,US,2025-10-05T05:25:31,true
c00269,qing.yamada0269@example.com,Qing,Yamada,US,2026-02-11T18:23:25,false
c00270,jakub.ortiz0270@example.com,Jakub,Ortiz,ES,2026-03-11T15:49:19,true
c00271,kai.marchetti0271@example.com,Kai,Marchetti,GB,2025-01-16T13:58:43,false
c00272,priya.doan0272@example.com,Priya,Doan,US,2025-03-17T21:29:17,true
c00273,oluwa.vargas0273@example.com,Oluwa,Vargas,GB,2025-12-22T18:04:42,true
c00274,gus.vargas0274@example.com,Gus,Vargas,ES,2025-03-23T16:35:41,true
c00275,nia.zhao0275@example.com,Nia,Zhao,US,2026-02-04T12:59:10,true
c00276,jakub.bishop0276@example.com,Jakub,Bishop,US,2025-08-27T16:32:01,true
c00277,tara.kapoor0277@example.com,Tara,Kapoor,DE,2025-04-14T07:56:41,true
c00278,dana.tran0278@example.com,Dana,Tran,CA,2025-09-21T20:28:11,true
c00279,jakub.wang0279@example.com,Jakub,Wang,CA,2025-02-14T17:44:36,true
c00280,rosa.bishop0280@example.com,Rosa,Bishop,GB,2025-10-18T09:40:03,true
c00281,farah.park0281@example.com,Farah,Park,BR,2025-11-17T23:49:05,true
c00282,elena.kapoor0282@example.com,Elena,Kapoor,US,2026-01-24T08:59:43,true
c00283,oluwa.reyes0283@example.com,Oluwa,Reyes,CA,2025-04-27T11:58:23,true
c00284,priya.park0284@example.com,Priya,Park,US,2025-07-02T18:04:19,true
c00285,bao.gomez0285@example.com,Bao,Gomez,US,2026-01-22T15:38:25,true
c00286,marcos.jackson0286@example.com,Marcos,Jackson,BR,2025-06-24T01:11:08,true
c00287,nia.saito0287@example.com,Nia,Saito,VN,2026-01-26T23:16:51,true
c00288,kai.esposito0288@example.com,Kai,Esposito,US,2025-10-07T20:50:15,true
c00289,chen.saito0289@example.com,Chen,Saito,ES,2025-12-09T22:02:46,true
c00290,uma.vargas0290@example.com,Uma,Vargas,ES,2025-10-23T02:56:18,true
c00291,lina.liu0291@example.com,Lina,Liu,US,2026-01-29T12:17:55,true
c00292,zane.ortiz0292@example.com,Zane,Ortiz,US,2025-05-17T17:49:00,true
c00293,alex.xu0293@example.com,Alex,Xu,VN,2025-10-16T12:01:33,true
c00294,oluwa.nguyen0294@example.com,Oluwa,Nguyen,US,2025-11-04T19:20:49,true
c00295,huy.yamada0295@example.com,Huy,Yamada,US,2025-08-19T22:40:46,true
c00296,bao.ortiz0296@example.com,Bao,Ortiz,US,2025-09-17T01:31:46,true
c00297,qing.zhao0297@example.com,Qing,Zhao,CA,2025-08-15T03:31:31,true
c00298,priya.vargas0298@example.com,Priya,Vargas,CA,2025-10-17T12:48:09,true
c00299,chen.wang0299@example.com,Chen,Wang,US,2025-03-03T19:36:38,true
c00300,sven.gomez0300@example.com,Sven,Gomez,JP,2026-03-17T05:30:19,true
c00301,chen.zhao0301@example.com,Chen,Zhao,US,2026-01-31T10:25:55,true
c00302,wen.nguyen0302@example.com,Wen,Nguyen,US,2025-07-26T11:51:41,true
c00303,chen.yamada0303@example.com,Chen,Yamada,GB,2025-12-30T07:22:14,true
c00304,alex.bishop0304@example.com,Alex,Bishop,CA,2026-01-28T20:10:18,true
c00305,wen.vargas0305@example.com,Wen,Vargas,GB,2025-06-11T11:06:34,true
c00306,bao.cole0306@example.com,Bao,Cole,DE,2025-09-07T09:10:43,true
c00307,nia.doan0307@example.com,Nia,Doan,GB,2025-06-08T06:51:45,true
c00308,farah.faroukh0308@example.com,Farah,Faroukh,US,2025-12-11T16:00:55,true
c00309,lina.xu0309@example.com,Lina,Xu,US,2026-02-21T03:51:30,true
c00310,chen.marchetti0310@example.com,Chen,Marchetti,ES,2025-11-13T10:28:03,true
c00311,marcos.marchetti0311@example.com,Marcos,Marchetti,JP,2026-01-23T15:27:10,true
c00312,ximena.hsu0312@example.com,Ximena,Hsu,FR,2025-12-05T03:13:18,true
c00313,vlad.liu0313@example.com,Vlad,Liu,CA,2025-09-09T22:54:32,true
c00314,gus.marchetti0314@example.com,Gus,Marchetti,CA,2025-09-08T18:49:07,true
c00315,wen.bishop0315@example.com,Wen,Bishop,BR,2024-12-31T02:15:30,true
c00316,vlad.cole0316@example.com,Vlad,Cole,US,2025-09-25T16:26:15,true
c00317,priya.kapoor0317@example.com,Priya,Kapoor,US,2026-02-03T08:42:30,true
c00318,gus.faroukh0318@example.com,Gus,Faroukh,DE,2025-07-18T13:09:24,true
c00319,qing.park0319@example.com,Qing,Park,GB,2026-01-02T13:04:27,true
c00320,oluwa.yamada0320@example.com,Oluwa,Yamada,AU,2026-03-28T09:46:49,false
c00321,kai.ortiz0321@example.com,Kai,Ortiz,DE,2026-02-09T14:29:14,true
c00322,jakub.vargas0322@example.com,Jakub,Vargas,US,2025-09-03T14:25:03,true
c00323,vlad.bishop0323@example.com,Vlad,Bishop,DE,2026-02-07T01:55:34,true
c00324,marcos.jackson0324@example.com,Marcos,Jackson,DE,2026-02-13T21:50:09,true
c00325,rosa.tran0325@example.com,Rosa,Tran,US,2025-08-30T18:35:06,true
c00326,jakub.hsu0326@example.com,Jakub,Hsu,US,2026-03-13T08:22:38,false
c00327,tara.reyes0327@example.com,Tara,Reyes,FR,2025-10-26T09:50:50,true
c00328,uma.wang0328@example.com,Uma,Wang,US,2025-09-25T13:45:23,false
c00329,huy.tran0329@example.com,Huy,Tran,VN,2025-08-07T05:26:31,true
c00330,wen.adler0330@example.com,Wen,Adler,JP,2025-07-14T11:22:16,true
c00331,vlad.ortiz0331@example.com,Vlad,Ortiz,JP,2025-07-13T10:38:30,true
c00332,kai.reyes0332@example.com,Kai,Reyes,BR,2025-10-19T01:59:07,true
c00333,wen.esposito0333@example.com,Wen,Esposito,GB,2025-09-15T18:30:05,true
c00334,elena.esposito0334@example.com,Elena,Esposito,AU,2025-11-02T05:57:29,true
c00335,yara.ortiz0335@example.com,Yara,Ortiz,DE,2025-11-30T03:55:15,false
c00336,rosa.xu0336@example.com,Rosa,Xu,US,2025-08-26T09:04:16,true
c00337,dana.cole0337@example.com,Dana,Cole,GB,2025-08-22T14:11:05,true
c00338,qing.cole0338@example.com,Qing,Cole,GB,2025-05-18T17:11:13,true
c00339,nia.yamada0339@example.com,Nia,Yamada,FR,2025-10-28T21:33:13,true
c00340,qing.adler0340@example.com,Qing,Adler,DE,2025-06-13T16:18:48,false
c00341,rosa.kapoor0341@example.com,Rosa,Kapoor,US,2025-02-26T11:23:21,true
c00342,lina.jackson0342@example.com,Lina,Jackson,CA,2025-08-22T06:50:37,false
c00343,alex.esposito0343@example.com,Alex,Esposito,GB,2025-10-23T01:52:52,true
c00344,alex.esposito0344@example.com,Alex,Esposito,CA,2026-02-25T23:05:20,false
c00345,gus.hsu0345@example.com,Gus,Hsu,GB,2025-02-07T13:01:54,true
c00346,elena.bishop0346@example.com,Elena,Bishop,VN,2025-07-10T00:19:10,true
c00347,huy.reyes0347@example.com,Huy,Reyes,VN,2025-12-23T20:00:42,true
c00348,tara.park0348@example.com,Tara,Park,ES,2025-06-22T14:25:39,true
c00349,chen.faroukh0349@example.com,Chen,Faroukh,CA,2025-07-30T14:14:47,true
c00350,gus.xu0350@example.com,Gus,Xu,DE,2025-09-29T06:10:45,true
c00351,ximena.ito0351@example.com,Ximena,Ito,US,2025-05-31T20:25:56,false
c00352,indira.bishop0352@example.com,Indira,Bishop,AU,2025-06-02T20:30:12,true
c00353,bao.doan0353@example.com,Bao,Doan,US,2025-05-29T00:00:40,true
c00354,wen.gomez0354@example.com,Wen,Gomez,CA,2025-09-02T05:34:02,true
c00355,elena.cole0355@example.com,Elena,Cole,FR,2025-02-23T06:37:45,true
c00356,zane.ueda0356@example.com,Zane,Ueda,US,2026-04-03T14:22:32,true
c00357,ximena.gomez0357@example.com,Ximena,Gomez,US,2025-06-29T22:05:02,true
c00358,dana.nguyen0358@example.com,Dana,Nguyen,CA,2025-12-19T06:26:52,true
c00359,nia.cole0359@example.com,Nia,Cole,GB,2025-10-19T15:33:55,true
c00360,rosa.ortiz0360@example.com,Rosa,Ortiz,BR,2026-03-27T17:17:19,true
c00361,priya.ortiz0361@example.com,Priya,Ortiz,US,2025-10-26T02:56:00,true
c00362,alex.tran0362@example.com,Alex,Tran,US,2025-11-26T22:05:29,true
c00363,priya.wang0363@example.com,Priya,Wang,US,2025-12-11T08:36:49,true
c00364,elena.xu0364@example.com,Elena,Xu,ES,2025-06-21T11:58:13,true
c00365,zane.faroukh0365@example.com,Zane,Faroukh,GB,2025-12-28T17:32:40,true
c00366,zane.nguyen0366@example.com,Zane,Nguyen,JP,2025-12-02T08:39:40,true
c00367,chen.yamada0367@example.com,Chen,Yamada,US,2025-08-29T12:31:39,true
c00368,ximena.wang0368@example.com,Ximena,Wang,US,2025-12-30T08:43:49,true
c00369,uma.hsu0369@example.com,Uma,Hsu,FR,2025-09-13T12:34:31,true
c00370,nia.tran0370@example.com,Nia,Tran,DE,2025-07-21T10:44:05,true
c00371,oluwa.saito0371@example.com,Oluwa,Saito,US,2025-07-07T00:51:29,true
c00372,zane.liu0372@example.com,Zane,Liu,ES,2026-03-19T18:01:20,true
c00373,sven.cole0373@example.com,Sven,Cole,BR,2025-06-28T10:01:41,true
c00374,yara.cole0374@example.com,Yara,Cole,AU,2025-03-26T16:53:23,true
c00375,lina.doan0375@example.com,Lina,Doan,US,2025-03-14T06:08:12,true
c00376,zane.adler0376@example.com,Zane,Adler,VN,2026-01-17T23:08:22,true
c00377,qing.bishop0377@example.com,Qing,Bishop,JP,2025-09-11T10:18:51,true
c00378,sven.gomez0378@example.com,Sven,Gomez,ES,2026-04-09T13:32:28,true
c00379,qing.marchetti0379@example.com,Qing,Marchetti,VN,2025-07-31T14:28:09,true
c00380,lina.gomez0380@example.com,Lina,Gomez,FR,2026-02-10T14:34:03,true
c00381,rosa.yamada0381@example.com,Rosa,Yamada,CA,2025-08-16T00:00:52,false
c00382,tara.ueda0382@example.com,Tara,Ueda,AU,2025-06-04T21:38:10,false
c00383,uma.hsu0383@example.com,Uma,Hsu,US,2025-12-08T10:02:00,true
c00384,vlad.wang0384@example.com,Vlad,Wang,GB,2026-02-11T13:03:15,true
c00385,oluwa.jackson0385@example.com,Oluwa,Jackson,GB,2025-12-09T06:07:46,true
c00386,marcos.ito0386@example.com,Marcos,Ito,US,2026-03-15T19:42:44,true
c00387,dana.bishop0387@example.com,Dana,Bishop,FR,2025-03-21T05:16:21,true
c00388,rosa.zhao0388@example.com,Rosa,Zhao,GB,2026-01-17T01:57:23,true
c00389,uma.tran0389@example.com,Uma,Tran,DE,2025-10-26T00:40:27,true
c00390,alex.kapoor0390@example.com,Alex,Kapoor,US,2025-10-16T10:33:13,true
c00391,tara.cole0391@example.com,Tara,Cole,DE,2025-07-31T07:53:26,true
c00392,nia.faroukh0392@example.com,Nia,Faroukh,US,2025-06-17T17:50:05,false
c00393,rosa.marchetti0393@example.com,Rosa,Marchetti,US,2025-06-04T04:56:57,true
c00394,wen.marchetti0394@example.com,Wen,Marchetti,DE,2025-07-07T04:31:19,true
c00395,jakub.bishop0395@example.com,Jakub,Bishop,US,2025-07-21T04:13:35,true
c00396,alex.liu0396@example.com,Alex,Liu,US,2025-09-30T02:06:35,true
c00397,lina.marchetti0397@example.com,Lina,Marchetti,CA,2025-08-07T00:35:31,false
c00398,bao.vargas0398@example.com,Bao,Vargas,DE,2026-01-10T15:17:56,true
c00399,gus.marchetti0399@example.com,Gus,Marchetti,JP,2025-06-08T09:01:32,true
c00400,farah.ito0400@example.com,Farah,Ito,BR,2025-03-29T20:58:02,true
c00401,alex.vargas0401@example.com,Alex,Vargas,FR,2025-09-18T22:27:02,true
c00402,dana.marchetti0402@example.com,Dana,Marchetti,ES,2026-02-26T16:38:56,true
c00403,sven.ito0403@example.com,Sven,Ito,DE,2025-12-22T18:34:22,true
c00404,gus.reyes0404@example.com,Gus,Reyes,US,2026-03-18T13:50:28,true
c00405,oluwa.cole0405@example.com,Oluwa,Cole,BR,2025-07-11T00:52:14,false
c00406,elena.quinn0406@example.com,Elena,Quinn,VN,2025-11-01T03:09:34,true
c00407,huy.xu0407@example.com,Huy,Xu,ES,2025-06-09T19:32:12,false
c00408,farah.gomez0408@example.com,Farah,Gomez,US,2026-02-23T13:21:29,true
c00409,kai.ito0409@example.com,Kai,Ito,ES,2025-08-25T22:32:48,true
c00410,zane.jackson0410@example.com,Zane,Jackson,AU,2026-01-12T07:59:59,true
c00411,jakub.vargas0411@example.com,Jakub,Vargas,BR,2025-09-04T15:03:26,true
c00412,vlad.gomez0412@example.com,Vlad,Gomez,FR,2025-09-08T15:12:35,false
c00413,elena.park0413@example.com,Elena,Park,US,2025-11-27T19:01:22,true
c00414,dana.saito0414@example.com,Dana,Saito,GB,2025-05-04T02:52:27,true
c00415,alex.saito0415@example.com,Alex,Saito,VN,2026-04-23T10:13:28,true
c00416,sven.doan0416@example.com,Sven,Doan,CA,2025-12-02T21:20:57,true
c00417,lina.vargas0417@example.com,Lina,Vargas,DE,2025-11-06T18:53:45,true
c00418,dana.cole0418@example.com,Dana,Cole,GB,2025-09-28T18:29:17,true
c00419,tara.quinn0419@example.com,Tara,Quinn,DE,2025-10-17T22:09:40,true
c00420,priya.vargas0420@example.com,Priya,Vargas,US,2025-10-20T16:06:08,true
c00421,chen.reyes0421@example.com,Chen,Reyes,US,2025-07-29T16:00:31,true
c00422,gus.ito0422@example.com,Gus,Ito,ES,2025-11-21T19:31:57,true
c00423,sven.xu0423@example.com,Sven,Xu,US,2025-06-24T14:09:10,true
c00424,sven.hsu0424@example.com,Sven,Hsu,US,2025-07-10T11:03:58,true
c00425,qing.park0425@example.com,Qing,Park,US,2025-11-13T13:01:43,false
c00426,marcos.gomez0426@example.com,Marcos,Gomez,CA,2025-07-12T10:22:04,true
c00427,priya.esposito0427@example.com,Priya,Esposito,ES,2025-05-17T17:20:29,true
c00428,jakub.ito0428@example.com,Jakub,Ito,BR,2025-08-14T18:39:09,true
c00429,vlad.xu0429@example.com,Vlad,Xu,JP,2026-03-08T14:01:59,true
c00430,wen.ito0430@example.com,Wen,Ito,US,2025-04-14T08:03:23,true
c00431,priya.marchetti0431@example.com,Priya,Marchetti,GB,2025-11-20T05:38:02,true
c00432,vlad.saito0432@example.com,Vlad,Saito,BR,2026-04-02T16:47:33,true
c00433,gus.marchetti0433@example.com,Gus,Marchetti,CA,2025-11-11T07:27:17,false
c00434,indira.ito0434@example.com,Indira,Ito,CA,2025-10-27T13:17:22,true
c00435,vlad.faroukh0435@example.com,Vlad,Faroukh,AU,2025-08-10T18:30:16,false
c00436,vlad.xu0436@example.com,Vlad,Xu,US,2025-04-16T19:01:46,false
c00437,bao.bishop0437@example.com,Bao,Bishop,US,2026-03-09T01:58:07,true
c00438,vlad.adler0438@example.com,Vlad,Adler,GB,2025-04-27T16:21:58,true
c00439,jakub.zhao0439@example.com,Jakub,Zhao,US,2026-04-01T10:48:39,true
c00440,kai.liu0440@example.com,Kai,Liu,DE,2025-04-07T23:12:51,true
c00441,oluwa.park0441@example.com,Oluwa,Park,US,2025-08-10T01:52:47,true
c00442,nia.nguyen0442@example.com,Nia,Nguyen,DE,2025-06-18T22:38:57,true
c00443,tara.xu0443@example.com,Tara,Xu,US,2025-05-22T14:44:15,true
c00444,oluwa.park0444@example.com,Oluwa,Park,GB,2026-01-15T00:59:01,true
c00445,rosa.xu0445@example.com,Rosa,Xu,FR,2025-07-26T08:02:06,true
c00446,dana.kapoor0446@example.com,Dana,Kapoor,VN,2026-01-22T17:15:13,true
c00447,rosa.gomez0447@example.com,Rosa,Gomez,CA,2025-11-07T15:27:40,true
c00448,jakub.zhao0448@example.com,Jakub,Zhao,ES,2025-04-26T19:58:24,true
c00449,zane.ueda0449@example.com,Zane,Ueda,US,2025-01-20T20:26:59,true
c00450,elena.quinn0450@example.com,Elena,Quinn,US,2025-12-24T21:45:35,true
c00451,gus.park0451@example.com,Gus,Park,US,2026-02-14T18:12:22,true
c00452,qing.marchetti0452@example.com,Qing,Marchetti,US,2025-05-21T10:12:25,true
c00453,oluwa.ortiz0453@example.com,Oluwa,Ortiz,US,2025-01-23T18:47:03,true
c00454,gus.wang0454@example.com,Gus,Wang,JP,2025-11-22T04:58:10,true
c00455,alex.reyes0455@example.com,Alex,Reyes,BR,2026-01-26T00:00:08,true
c00456,wen.ortiz0456@example.com,Wen,Ortiz,US,2026-01-19T03:21:40,true
c00457,lina.jackson0457@example.com,Lina,Jackson,CA,2026-01-12T02:35:22,true
c00458,vlad.xu0458@example.com,Vlad,Xu,GB,2025-09-15T14:58:25,true
c00459,marcos.reyes0459@example.com,Marcos,Reyes,DE,2025-07-15T17:08:00,true
c00460,dana.ortiz0460@example.com,Dana,Ortiz,DE,2026-01-26T00:03:18,true
c00461,sven.saito0461@example.com,Sven,Saito,US,2025-05-19T21:15:31,true
c00462,oluwa.jackson0462@example.com,Oluwa,Jackson,CA,2025-07-08T08:29:11,true
c00463,alex.ortiz0463@example.com,Alex,Ortiz,US,2025-09-17T09:40:03,true
c00464,oluwa.ortiz0464@example.com,Oluwa,Ortiz,GB,2025-07-18T17:23:29,true
c00465,kai.doan0465@example.com,Kai,Doan,AU,2025-09-24T10:44:58,true
c00466,zane.liu0466@example.com,Zane,Liu,FR,2026-02-26T14:32:09,true
c00467,yara.kapoor0467@example.com,Yara,Kapoor,GB,2026-01-16T08:12:02,true
c00468,huy.gomez0468@example.com,Huy,Gomez,GB,2026-01-27T11:39:56,true
c00469,jakub.kapoor0469@example.com,Jakub,Kapoor,US,2025-06-27T19:37:59,true
c00470,wen.gomez0470@example.com,Wen,Gomez,DE,2024-12-06T10:27:37,true
c00471,elena.gomez0471@example.com,Elena,Gomez,DE,2025-08-24T18:14:17,true
c00472,indira.wang0472@example.com,Indira,Wang,CA,2025-12-01T06:13:10,true
c00473,kai.cole0473@example.com,Kai,Cole,GB,2025-11-20T02:33:27,true
c00474,wen.yamada0474@example.com,Wen,Yamada,FR,2025-03-23T06:16:20,false
c00475,bao.tran0475@example.com,Bao,Tran,GB,2026-01-23T11:47:57,true
c00476,gus.xu0476@example.com,Gus,Xu,US,2025-09-01T12:03:29,true
c00477,yara.hsu0477@example.com,Yara,Hsu,VN,2025-06-21T09:51:36,true
c00478,lina.ito0478@example.com,Lina,Ito,GB,2025-08-05T15:25:32,true
c00479,sven.ueda0479@example.com,Sven,Ueda,US,2026-01-02T18:54:47,true
c00480,elena.hsu0480@example.com,Elena,Hsu,CA,2025-01-27T08:30:44,true
c00481,jakub.ueda0481@example.com,Jakub,Ueda,AU,2025-12-13T10:08:28,true
c00482,alex.vargas0482@example.com,Alex,Vargas,ES,2025-11-19T01:33:59,false
c00483,wen.esposito0483@example.com,Wen,Esposito,CA,2025-08-06T10:42:08,true
c00484,rosa.marchetti0484@example.com,Rosa,Marchetti,ES,2025-05-31T07:21:44,true
c00485,wen.xu0485@example.com,Wen,Xu,BR,2026-01-09T15:59:51,false
c00486,marcos.yamada0486@example.com,Marcos,Yamada,BR,2025-09-01T20:07:30,true
c00487,marcos.faroukh0487@example.com,Marcos,Faroukh,US,2025-10-07T06:32:28,true
c00488,nia.tran0488@example.com,Nia,Tran,DE,2025-10-21T12:44:21,false
c00489,sven.reyes0489@example.com,Sven,Reyes,US,2025-10-04T19:20:34,true
c00490,dana.kapoor0490@example.com,Dana,Kapoor,AU,2025-11-22T03:39:47,true
c00491,marcos.jackson0491@example.com,Marcos,Jackson,US,2025-12-30T21:09:54,true
c00492,dana.quinn0492@example.com,Dana,Quinn,US,2025-04-24T22:59:23,true
c00493,kai.reyes0493@example.com,Kai,Reyes,US,2025-04-05T22:27:07,true
c00494,farah.zhao0494@example.com,Farah,Zhao,US,2025-08-18T15:35:18,false
c00495,bao.ueda0495@example.com,Bao,Ueda,VN,2025-04-29T23:54:51,true
c00496,bao.ueda0496@example.com,Bao,Ueda,US,2025-11-20T00:59:32,true
c00497,bao.marchetti0497@example.com,Bao,Marchetti,DE,2025-03-11T14:57:20,true
c00498,lina.marchetti0498@example.com,Lina,Marchetti,US,2025-04-23T11:58:59,true
c00499,dana.marchetti0499@example.com,Dana,Marchetti,GB,2025-05-03T04:35:59,true
c00500,jakub.yamada0500@example.com,Jakub,Yamada,US,2026-01-15T04:44:19,true
c00501,jakub.park0501@example.com,Jakub,Park,DE,2025-08-20T16:00:34,true
c00502,farah.cole0502@example.com,Farah,Cole,GB,2025-02-22T11:16:06,true
c00503,gus.hsu0503@example.com,Gus,Hsu,US,2025-08-05T05:41:30,true
c00504,ximena.gomez0504@example.com,Ximena,Gomez,DE,2025-11-04T00:50:58,true
c00505,uma.adler0505@example.com,Uma,Adler,CA,2025-12-11T08:25:44,true
c00506,jakub.nguyen0506@example.com,Jakub,Nguyen,CA,2025-05-09T20:16:11,false
c00507,sven.doan0507@example.com,Sven,Doan,GB,2025-11-08T17:59:15,true
c00508,farah.wang0508@example.com,Farah,Wang,VN,2025-05-26T16:13:06,false
c00509,zane.jackson0509@example.com,Zane,Jackson,VN,2025-03-31T16:00:35,true
c00510,alex.tran0510@example.com,Alex,Tran,GB,2025-05-22T09:14:02,true
c00511,priya.ueda0511@example.com,Priya,Ueda,GB,2025-11-20T22:15:41,true
c00512,kai.ito0512@example.com,Kai,Ito,US,2025-12-05T13:03:23,true
c00513,tara.bishop0513@example.com,Tara,Bishop,US,2025-10-12T22:56:25,true
c00514,sven.nguyen0514@example.com,Sven,Nguyen,US,2026-02-04T04:03:25,true
c00515,dana.esposito0515@example.com,Dana,Esposito,US,2026-04-24T11:23:18,true
c00516,kai.ueda0516@example.com,Kai,Ueda,GB,2025-08-18T03:00:32,false
c00517,tara.adler0517@example.com,Tara,Adler,US,2025-10-13T03:57:17,true
c00518,farah.bishop0518@example.com,Farah,Bishop,GB,2025-12-06T02:22:08,true
c00519,dana.doan0519@example.com,Dana,Doan,US,2026-02-23T23:17:47,true
c00520,rosa.ito0520@example.com,Rosa,Ito,JP,2025-07-20T02:53:17,true
c00521,tara.bishop0521@example.com,Tara,Bishop,JP,2026-04-12T00:40:12,true
c00522,vlad.bishop0522@example.com,Vlad,Bishop,VN,2025-07-21T22:41:42,true
c00523,priya.wang0523@example.com,Priya,Wang,US,2025-08-26T08:47:12,true
c00524,uma.bishop0524@example.com,Uma,Bishop,DE,2025-06-07T22:50:26,true
c00525,uma.esposito0525@example.com,Uma,Esposito,VN,2025-02-09T18:00:05,true
c00526,yara.kapoor0526@example.com,Yara,Kapoor,AU,2025-08-20T07:43:35,true
c00527,kai.tran0527@example.com,Kai,Tran,BR,2025-10-19T00:46:19,true
c00528,huy.marchetti0528@example.com,Huy,Marchetti,GB,2025-10-22T02:45:39,true
c00529,alex.quinn0529@example.com,Alex,Quinn,US,2025-07-11T12:40:15,true
c00530,gus.ito0530@example.com,Gus,Ito,DE,2025-09-16T18:26:40,true
c00531,zane.bishop0531@example.com,Zane,Bishop,VN,2026-01-07T08:51:36,false
c00532,qing.faroukh0532@example.com,Qing,Faroukh,US,2025-07-30T23:06:57,true
c00533,indira.ueda0533@example.com,Indira,Ueda,US,2025-02-21T23:16:17,true
c00534,yara.jackson0534@example.com,Yara,Jackson,GB,2025-08-25T05:28:14,true
c00535,farah.adler0535@example.com,Farah,Adler,GB,2025-05-13T21:02:59,true
c00536,wen.ito0536@example.com,Wen,Ito,VN,2025-10-08T12:04:22,true
c00537,chen.ueda0537@example.com,Chen,Ueda,JP,2025-05-17T01:13:49,true
c00538,wen.marchetti0538@example.com,Wen,Marchetti,ES,2025-09-16T01:09:59,true
c00539,marcos.saito0539@example.com,Marcos,Saito,US,2025-10-09T03:24:32,true
c00540,huy.doan0540@example.com,Huy,Doan,ES,2026-02-22T14:15:15,true
c00541,priya.saito0541@example.com,Priya,Saito,US,2026-02-16T13:02:25,true
c00542,ximena.reyes0542@example.com,Ximena,Reyes,US,2025-03-30T03:39:52,true
c00543,kai.ito0543@example.com,Kai,Ito,US,2025-09-12T00:04:16,true
c00544,qing.doan0544@example.com,Qing,Doan,US,2025-07-05T12:30:36,false
c00545,farah.park0545@example.com,Farah,Park,AU,2025-12-25T13:39:09,true
c00546,huy.esposito0546@example.com,Huy,Esposito,DE,2025-09-25T03:51:56,false
c00547,chen.tran0547@example.com,Chen,Tran,US,2025-11-13T06:54:00,true
c00548,elena.nguyen0548@example.com,Elena,Nguyen,US,2025-08-20T23:15:07,true
c00549,jakub.kapoor0549@example.com,Jakub,Kapoor,ES,2025-09-02T17:30:30,true
c00550,wen.ito0550@example.com,Wen,Ito,CA,2025-06-16T17:19:56,true
c00551,rosa.kapoor0551@example.com,Rosa,Kapoor,VN,2025-06-11T14:35:21,true
c00552,bao.bishop0552@example.com,Bao,Bishop,GB,2025-09-04T19:30:15,true
c00553,gus.wang0553@example.com,Gus,Wang,BR,2025-08-27T15:04:18,true
c00554,wen.zhao0554@example.com,Wen,Zhao,GB,2026-02-25T02:39:24,true
c00555,kai.liu0555@example.com,Kai,Liu,GB,2025-02-12T20:31:17,true
c00556,wen.xu0556@example.com,Wen,Xu,ES,2025-10-01T17:30:01,true
c00557,zane.yamada0557@example.com,Zane,Yamada,US,2025-07-01T21:44:29,true
c00558,tara.yamada0558@example.com,Tara,Yamada,VN,2026-01-30T08:33:44,true
c00559,rosa.hsu0559@example.com,Rosa,Hsu,ES,2025-08-28T13:58:08,true
c00560,tara.doan0560@example.com,Tara,Doan,US,2025-06-17T09:53:17,true
c00561,ximena.hsu0561@example.com,Ximena,Hsu,CA,2025-09-06T21:14:42,true
c00562,alex.tran0562@example.com,Alex,Tran,US,2025-12-13T14:27:24,true
c00563,qing.jackson0563@example.com,Qing,Jackson,DE,2026-01-15T20:38:59,true
c00564,yara.cole0564@example.com,Yara,Cole,DE,2025-07-26T17:26:26,true
c00565,nia.faroukh0565@example.com,Nia,Faroukh,US,2025-12-13T01:38:42,true
c00566,bao.park0566@example.com,Bao,Park,DE,2025-09-15T13:14:14,true
c00567,oluwa.cole0567@example.com,Oluwa,Cole,US,2025-10-18T17:03:48,true
c00568,marcos.ortiz0568@example.com,Marcos,Ortiz,VN,2025-12-17T03:58:07,false
c00569,elena.tran0569@example.com,Elena,Tran,FR,2025-09-30T00:24:22,true
c00570,tara.faroukh0570@example.com,Tara,Faroukh,CA,2026-01-24T22:57:07,true
c00571,chen.gomez0571@example.com,Chen,Gomez,ES,2024-12-18T18:27:02,true
c00572,oluwa.vargas0572@example.com,Oluwa,Vargas,GB,2025-11-04T05:24:24,true
c00573,elena.vargas0573@example.com,Elena,Vargas,US,2025-04-03T02:19:44,true
c00574,zane.hsu0574@example.com,Zane,Hsu,VN,2026-01-25T00:31:16,true
c00575,jakub.hsu0575@example.com,Jakub,Hsu,GB,2026-01-31T12:38:14,true
c00576,sven.quinn0576@example.com,Sven,Quinn,US,2025-11-05T10:27:13,true
c00577,kai.reyes0577@example.com,Kai,Reyes,GB,2025-10-16T05:39:15,true
c00578,jakub.ortiz0578@example.com,Jakub,Ortiz,CA,2025-07-29T06:33:32,true
c00579,jakub.hsu0579@example.com,Jakub,Hsu,FR,2026-01-14T21:27:08,true
c00580,qing.doan0580@example.com,Qing,Doan,AU,2025-01-07T03:40:02,true
c00581,indira.xu0581@example.com,Indira,Xu,US,2025-06-24T03:34:14,true
c00582,chen.park0582@example.com,Chen,Park,US,2025-10-03T00:57:45,true
c00583,nia.liu0583@example.com,Nia,Liu,FR,2025-07-31T04:35:54,true
c00584,qing.jackson0584@example.com,Qing,Jackson,US,2025-08-18T07:21:27,true
c00585,tara.marchetti0585@example.com,Tara,Marchetti,GB,2026-01-08T11:55:50,true
c00586,dana.adler0586@example.com,Dana,Adler,CA,2025-11-05T04:01:39,true
c00587,uma.nguyen0587@example.com,Uma,Nguyen,BR,2025-04-21T20:33:11,false
c00588,jakub.saito0588@example.com,Jakub,Saito,US,2025-08-31T13:05:51,true
c00589,qing.ueda0589@example.com,Qing,Ueda,GB,2025-11-13T11:27:53,true
c00590,tara.gomez0590@example.com,Tara,Gomez,GB,2025-05-31T08:54:15,true
c00591,vlad.cole0591@example.com,Vlad,Cole,VN,2025-12-01T14:43:53,true
c00592,sven.wang0592@example.com,Sven,Wang,US,2025-07-30T22:24:03,true
c00593,bao.reyes0593@example.com,Bao,Reyes,CA,2025-09-24T23:05:03,true
c00594,priya.liu0594@example.com,Priya,Liu,JP,2025-10-09T13:37:13,true
c00595,yara.zhao0595@example.com,Yara,Zhao,US,2026-01-09T22:33:00,true
c00596,huy.xu0596@example.com,Huy,Xu,GB,2025-09-29T09:46:57,true
c00597,huy.yamada0597@example.com,Huy,Yamada,ES,2025-09-26T13:49:14,true
c00598,wen.quinn0598@example.com,Wen,Quinn,VN,2025-09-23T16:53:17,true
c00599,huy.hsu0599@example.com,Huy,Hsu,FR,2025-10-08T07:45:52,true
c00600,vlad.ueda0600@example.com,Vlad,Ueda,GB,2025-10-14T08:24:41,true
c00601,dana.zhao0601@example.com,Dana,Zhao,AU,2026-01-19T17:39:37,true
c00602,chen.marchetti0602@example.com,Chen,Marchetti,DE,2025-07-18T23:17:26,true
c00603,wen.marchetti0603@example.com,Wen,Marchetti,US,2025-12-19T01:38:22,true
c00604,chen.gomez0604@example.com,Chen,Gomez,US,2026-03-29T08:07:02,true
c00605,zane.nguyen0605@example.com,Zane,Nguyen,GB,2025-11-19T12:14:03,true
c00606,uma.vargas0606@example.com,Uma,Vargas,VN,2025-07-26T00:16:02,true
c00607,uma.reyes0607@example.com,Uma,Reyes,FR,2026-01-03T12:35:32,true
c00608,oluwa.zhao0608@example.com,Oluwa,Zhao,JP,2025-10-24T19:34:17,true
c00609,chen.adler0609@example.com,Chen,Adler,DE,2025-09-07T14:55:47,true
c00610,dana.quinn0610@example.com,Dana,Quinn,US,2025-12-29T19:14:58,true
c00611,vlad.tran0611@example.com,Vlad,Tran,FR,2025-09-19T08:31:50,true
c00612,yara.doan0612@example.com,Yara,Doan,US,2025-01-07T00:32:01,true
c00613,wen.quinn0613@example.com,Wen,Quinn,CA,2025-11-03T10:20:04,true
c00614,uma.wang0614@example.com,Uma,Wang,ES,2025-07-27T15:42:21,true
c00615,tara.saito0615@example.com,Tara,Saito,US,2025-02-28T18:22:12,true
c00616,dana.park0616@example.com,Dana,Park,DE,2025-05-03T02:59:20,true
c00617,sven.doan0617@example.com,Sven,Doan,ES,2025-08-15T15:11:19,true
c00618,vlad.marchetti0618@example.com,Vlad,Marchetti,US,2025-10-10T18:59:12,true
c00619,chen.xu0619@example.com,Chen,Xu,GB,2026-04-20T08:50:57,true
c00620,chen.esposito0620@example.com,Chen,Esposito,GB,2025-12-07T11:11:25,true
c00621,indira.bishop0621@example.com,Indira,Bishop,FR,2025-12-02T17:36:55,true
c00622,uma.nguyen0622@example.com,Uma,Nguyen,DE,2026-02-20T17:25:13,true
c00623,qing.gomez0623@example.com,Qing,Gomez,US,2026-01-25T21:05:10,true
c00624,gus.yamada0624@example.com,Gus,Yamada,VN,2025-04-01T20:42:47,true
c00625,dana.zhao0625@example.com,Dana,Zhao,ES,2025-09-16T22:50:48,true
c00626,wen.jackson0626@example.com,Wen,Jackson,GB,2025-11-17T18:59:46,true
c00627,dana.adler0627@example.com,Dana,Adler,US,2025-09-27T01:50:43,true
c00628,bao.faroukh0628@example.com,Bao,Faroukh,JP,2025-11-02T21:22:57,true
c00629,dana.gomez0629@example.com,Dana,Gomez,FR,2025-09-15T08:09:38,true
c00630,oluwa.reyes0630@example.com,Oluwa,Reyes,FR,2025-11-03T01:54:59,true
c00631,tara.adler0631@example.com,Tara,Adler,ES,2025-06-03T01:48:43,true
c00632,priya.kapoor0632@example.com,Priya,Kapoor,VN,2025-11-24T17:05:02,true
c00633,indira.vargas0633@example.com,Indira,Vargas,DE,2025-12-28T23:44:28,true
c00634,dana.zhao0634@example.com,Dana,Zhao,US,2025-08-27T21:28:25,true
c00635,oluwa.tran0635@example.com,Oluwa,Tran,BR,2025-09-21T23:43:02,false
c00636,chen.hsu0636@example.com,Chen,Hsu,US,2025-10-17T23:25:22,true
c00637,bao.cole0637@example.com,Bao,Cole,US,2025-01-08T17:54:23,true
c00638,marcos.jackson0638@example.com,Marcos,Jackson,US,2025-03-31T14:35:13,true
c00639,chen.doan0639@example.com,Chen,Doan,US,2025-10-20T19:55:12,true
c00640,indira.vargas0640@example.com,Indira,Vargas,CA,2025-10-11T13:39:44,true
c00641,farah.gomez0641@example.com,Farah,Gomez,GB,2025-08-01T09:09:51,true
c00642,oluwa.park0642@example.com,Oluwa,Park,US,2025-12-11T02:09:12,true
c00643,zane.adler0643@example.com,Zane,Adler,US,2026-01-26T01:42:20,true
c00644,alex.marchetti0644@example.com,Alex,Marchetti,ES,2025-06-14T01:59:12,true
c00645,yara.park0645@example.com,Yara,Park,VN,2025-11-24T06:53:53,true
c00646,lina.reyes0646@example.com,Lina,Reyes,GB,2025-07-20T01:54:43,true
c00647,bao.vargas0647@example.com,Bao,Vargas,US,2025-03-25T00:59:39,true
c00648,bao.hsu0648@example.com,Bao,Hsu,US,2025-09-18T03:41:23,true
c00649,zane.park0649@example.com,Zane,Park,US,2026-01-23T15:09:17,true
c00650,priya.xu0650@example.com,Priya,Xu,FR,2026-01-24T15:53:00,true
c00651,dana.bishop0651@example.com,Dana,Bishop,CA,2025-01-13T04:37:01,true
c00652,priya.quinn0652@example.com,Priya,Quinn,US,2025-06-16T13:14:07,true
c00653,bao.park0653@example.com,Bao,Park,GB,2026-02-07T04:17:11,true
c00654,zane.reyes0654@example.com,Zane,Reyes,US,2025-11-16T04:52:15,true
c00655,nia.park0655@example.com,Nia,Park,DE,2025-04-05T09:24:09,false
c00656,chen.tran0656@example.com,Chen,Tran,US,2025-10-15T09:00:05,true
c00657,kai.tran0657@example.com,Kai,Tran,US,2025-03-22T12:42:47,true
c00658,bao.quinn0658@example.com,Bao,Quinn,GB,2025-06-07T10:18:04,true
c00659,indira.bishop0659@example.com,Indira,Bishop,CA,2025-11-19T13:12:59,true
c00660,yara.zhao0660@example.com,Yara,Zhao,VN,2025-09-24T00:19:40,true
c00661,vlad.ueda0661@example.com,Vlad,Ueda,US,2026-01-23T17:15:42,true
c00662,nia.jackson0662@example.com,Nia,Jackson,US,2025-12-13T20:09:10,true
c00663,zane.marchetti0663@example.com,Zane,Marchetti,US,2025-11-10T08:17:16,true
c00664,wen.tran0664@example.com,Wen,Tran,FR,2025-06-27T15:59:56,true
c00665,marcos.park0665@example.com,Marcos,Park,ES,2025-04-10T20:14:35,true
c00666,yara.saito0666@example.com,Yara,Saito,AU,2025-09-16T04:07:22,true
c00667,qing.ueda0667@example.com,Qing,Ueda,US,2025-07-07T01:05:21,true
c00668,tara.xu0668@example.com,Tara,Xu,US,2026-01-18T17:53:10,false
c00669,gus.ueda0669@example.com,Gus,Ueda,US,2025-09-13T19:43:41,true
c00670,priya.zhao0670@example.com,Priya,Zhao,DE,2025-06-15T14:04:04,true
c00671,dana.doan0671@example.com,Dana,Doan,GB,2025-08-27T09:58:05,true
c00672,lina.nguyen0672@example.com,Lina,Nguyen,US,2025-02-03T07:07:45,true
c00673,alex.cole0673@example.com,Alex,Cole,US,2025-05-04T11:47:04,true
c00674,lina.adler0674@example.com,Lina,Adler,US,2025-12-14T15:57:38,true
c00675,rosa.reyes0675@example.com,Rosa,Reyes,DE,2025-05-08T19:12:32,true
c00676,marcos.nguyen0676@example.com,Marcos,Nguyen,US,2025-11-21T09:03:28,true
c00677,marcos.wang0677@example.com,Marcos,Wang,US,2025-10-12T13:56:24,true
c00678,uma.marchetti0678@example.com,Uma,Marchetti,JP,2026-04-20T17:43:59,true
c00679,indira.wang0679@example.com,Indira,Wang,ES,2025-08-19T05:49:11,true
c00680,tara.reyes0680@example.com,Tara,Reyes,CA,2025-09-26T23:47:10,true
c00681,tara.reyes0681@example.com,Tara,Reyes,VN,2025-05-20T17:38:39,false
c00682,nia.tran0682@example.com,Nia,Tran,JP,2025-11-15T13:30:59,true
c00683,farah.cole0683@example.com,Farah,Cole,GB,2025-11-30T19:45:48,true
c00684,rosa.esposito0684@example.com,Rosa,Esposito,JP,2025-07-26T02:33:42,false
c00685,tara.marchetti0685@example.com,Tara,Marchetti,US,2026-02-22T21:39:31,true
c00686,yara.jackson0686@example.com,Yara,Jackson,GB,2025-10-30T02:17:14,true
c00687,chen.tran0687@example.com,Chen,Tran,GB,2025-06-10T23:43:04,true
c00688,kai.hsu0688@example.com,Kai,Hsu,US,2025-12-25T06:18:07,true
c00689,indira.jackson0689@example.com,Indira,Jackson,US,2025-12-02T06:44:59,true
c00690,qing.adler0690@example.com,Qing,Adler,US,2026-01-28T21:23:48,true
c00691,dana.esposito0691@example.com,Dana,Esposito,JP,2026-04-20T02:58:15,true
c00692,marcos.nguyen0692@example.com,Marcos,Nguyen,AU,2026-01-30T23:34:50,true
c00693,indira.zhao0693@example.com,Indira,Zhao,GB,2025-04-15T09:46:07,true
c00694,marcos.jackson0694@example.com,Marcos,Jackson,BR,2026-03-14T10:17:47,true
c00695,indira.doan0695@example.com,Indira,Doan,DE,2026-02-25T07:04:01,true
c00696,farah.ueda0696@example.com,Farah,Ueda,ES,2025-07-16T04:34:47,false
c00697,marcos.zhao0697@example.com,Marcos,Zhao,VN,2025-12-19T00:53:23,true
c00698,oluwa.park0698@example.com,Oluwa,Park,DE,2025-03-26T21:23:01,true
c00699,tara.wang0699@example.com,Tara,Wang,VN,2025-12-30T19:55:52,true
c00700,oluwa.liu0700@example.com,Oluwa,Liu,CA,2025-05-12T15:43:58,true
c00701,huy.xu0701@example.com,Huy,Xu,US,2025-11-27T10:33:32,true
c00702,indira.ortiz0702@example.com,Indira,Ortiz,US,2026-02-15T19:18:01,true
c00703,gus.xu0703@example.com,Gus,Xu,DE,2025-01-15T15:46:20,true
c00704,jakub.ito0704@example.com,Jakub,Ito,GB,2025-09-07T20:14:14,true
c00705,lina.hsu0705@example.com,Lina,Hsu,BR,2026-01-01T08:51:10,false
c00706,uma.jackson0706@example.com,Uma,Jackson,VN,2025-07-21T10:06:24,true
c00707,lina.vargas0707@example.com,Lina,Vargas,JP,2025-11-29T17:29:32,true
c00708,nia.zhao0708@example.com,Nia,Zhao,US,2025-12-14T15:33:51,true
c00709,lina.esposito0709@example.com,Lina,Esposito,AU,2026-01-08T10:12:52,true
c00710,alex.saito0710@example.com,Alex,Saito,US,2026-02-01T07:00:30,true
c00711,nia.vargas0711@example.com,Nia,Vargas,CA,2025-11-27T10:10:02,true
c00712,elena.wang0712@example.com,Elena,Wang,FR,2025-07-11T14:40:57,true
c00713,yara.hsu0713@example.com,Yara,Hsu,US,2025-07-04T18:52:15,false
c00714,huy.cole0714@example.com,Huy,Cole,US,2025-10-11T19:10:21,true
c00715,nia.esposito0715@example.com,Nia,Esposito,GB,2025-12-31T08:16:50,true
c00716,vlad.esposito0716@example.com,Vlad,Esposito,FR,2025-07-29T05:27:00,true
c00717,bao.nguyen0717@example.com,Bao,Nguyen,DE,2025-09-08T05:47:32,true
c00718,sven.gomez0718@example.com,Sven,Gomez,US,2025-11-03T14:49:55,true
c00719,indira.wang0719@example.com,Indira,Wang,GB,2025-08-04T08:15:18,true
c00720,zane.gomez0720@example.com,Zane,Gomez,FR,2025-07-07T20:24:27,true
c00721,kai.quinn0721@example.com,Kai,Quinn,GB,2025-12-28T17:21:28,false
c00722,nia.marchetti0722@example.com,Nia,Marchetti,GB,2025-12-23T08:32:03,true
c00723,sven.nguyen0723@example.com,Sven,Nguyen,CA,2025-10-22T11:00:12,true
c00724,wen.ortiz0724@example.com,Wen,Ortiz,AU,2025-11-09T09:42:30,true
c00725,rosa.yamada0725@example.com,Rosa,Yamada,DE,2025-11-04T15:20:29,true
c00726,oluwa.vargas0726@example.com,Oluwa,Vargas,BR,2025-02-19T07:16:27,true
c00727,uma.quinn0727@example.com,Uma,Quinn,US,2025-12-02T11:22:58,true
c00728,sven.vargas0728@example.com,Sven,Vargas,BR,2025-10-19T12:26:42,true
c00729,lina.liu0729@example.com,Lina,Liu,AU,2025-07-01T16:39:19,true
c00730,dana.faroukh0730@example.com,Dana,Faroukh,GB,2025-10-26T06:30:39,false
c00731,zane.ito0731@example.com,Zane,Ito,JP,2025-06-20T20:03:53,true
c00732,gus.esposito0732@example.com,Gus,Esposito,US,2025-07-24T16:46:40,true
c00733,nia.cole0733@example.com,Nia,Cole,FR,2026-02-25T05:16:10,true
c00734,nia.ortiz0734@example.com,Nia,Ortiz,JP,2025-03-19T20:47:27,true
c00735,vlad.gomez0735@example.com,Vlad,Gomez,JP,2025-08-17T12:01:24,true
c00736,alex.zhao0736@example.com,Alex,Zhao,VN,2026-04-16T04:57:41,true
c00737,uma.jackson0737@example.com,Uma,Jackson,FR,2024-12-21T17:26:12,true
c00738,farah.nguyen0738@example.com,Farah,Nguyen,US,2025-06-25T11:49:53,true
c00739,sven.xu0739@example.com,Sven,Xu,GB,2025-12-23T03:53:46,true
c00740,qing.zhao0740@example.com,Qing,Zhao,US,2025-05-17T10:13:08,true
c00741,ximena.esposito0741@example.com,Ximena,Esposito,US,2026-01-27T23:45:52,true
c00742,gus.hsu0742@example.com,Gus,Hsu,US,2026-01-29T19:45:16,true
c00743,sven.faroukh0743@example.com,Sven,Faroukh,US,2025-08-08T08:13:21,true
c00744,huy.faroukh0744@example.com,Huy,Faroukh,US,2026-01-07T11:20:26,true
c00745,elena.adler0745@example.com,Elena,Adler,US,2026-02-04T07:21:49,true
c00746,ximena.cole0746@example.com,Ximena,Cole,US,2026-01-15T03:15:10,true
c00747,nia.liu0747@example.com,Nia,Liu,VN,2025-11-27T12:43:12,true
c00748,oluwa.ueda0748@example.com,Oluwa,Ueda,DE,2025-06-03T23:34:53,true
c00749,nia.ortiz0749@example.com,Nia,Ortiz,US,2025-12-07T11:27:20,true
c00750,oluwa.nguyen0750@example.com,Oluwa,Nguyen,CA,2025-05-26T21:15:38,true
c00751,huy.faroukh0751@example.com,Huy,Faroukh,ES,2025-12-28T00:33:28,true
c00752,ximena.park0752@example.com,Ximena,Park,VN,2025-11-21T04:50:37,true
c00753,huy.hsu0753@example.com,Huy,Hsu,VN,2025-11-21T03:30:24,true
c00754,huy.ito0754@example.com,Huy,Ito,FR,2025-10-28T10:22:58,true
c00755,ximena.wang0755@example.com,Ximena,Wang,AU,2025-11-12T08:32:23,true
c00756,uma.gomez0756@example.com,Uma,Gomez,US,2025-09-05T03:43:47,true
c00757,indira.ueda0757@example.com,Indira,Ueda,VN,2025-12-10T19:59:46,true
c00758,priya.liu0758@example.com,Priya,Liu,GB,2025-11-04T15:45:24,true
c00759,uma.tran0759@example.com,Uma,Tran,US,2025-09-27T14:50:36,true
c00760,farah.ito0760@example.com,Farah,Ito,GB,2026-02-02T20:49:09,true
c00761,kai.jackson0761@example.com,Kai,Jackson,FR,2025-08-06T18:21:48,true
c00762,priya.liu0762@example.com,Priya,Liu,FR,2025-09-12T20:57:48,true
c00763,yara.kapoor0763@example.com,Yara,Kapoor,JP,2025-07-01T14:09:25,true
c00764,marcos.cole0764@example.com,Marcos,Cole,US,2025-08-11T12:04:07,true
c00765,chen.hsu0765@example.com,Chen,Hsu,JP,2025-04-08T21:26:37,true
c00766,priya.esposito0766@example.com,Priya,Esposito,US,2025-11-26T20:02:48,true
c00767,priya.reyes0767@example.com,Priya,Reyes,CA,2025-07-10T02:13:21,true
c00768,gus.kapoor0768@example.com,Gus,Kapoor,US,2025-06-25T09:40:29,true
c00769,huy.reyes0769@example.com,Huy,Reyes,FR,2025-10-31T03:06:43,true
c00770,huy.adler0770@example.com,Huy,Adler,US,2025-06-26T16:03:49,true
c00771,uma.quinn0771@example.com,Uma,Quinn,CA,2026-04-22T20:32:35,true
c00772,kai.vargas0772@example.com,Kai,Vargas,US,2025-07-16T10:35:41,true
c00773,indira.bishop0773@example.com,Indira,Bishop,US,2025-06-24T06:18:45,true
c00774,ximena.kapoor0774@example.com,Ximena,Kapoor,DE,2025-09-06T06:55:59,false
c00775,ximena.ueda0775@example.com,Ximena,Ueda,US,2026-03-14T07:36:50,true
c00776,oluwa.yamada0776@example.com,Oluwa,Yamada,AU,2025-06-27T00:54:20,true
c00777,indira.ueda0777@example.com,Indira,Ueda,US,2025-08-15T04:32:04,true
c00778,nia.liu0778@example.com,Nia,Liu,GB,2024-12-19T14:15:26,true
c00779,nia.zhao0779@example.com,Nia,Zhao,GB,2025-05-04T17:25:54,true
c00780,qing.ito0780@example.com,Qing,Ito,BR,2025-10-28T07:28:55,true
c00781,wen.jackson0781@example.com,Wen,Jackson,DE,2025-12-10T22:36:24,true
c00782,uma.xu0782@example.com,Uma,Xu,US,2026-04-05T23:16:38,true
c00783,indira.jackson0783@example.com,Indira,Jackson,GB,2025-12-01T06:29:32,true
c00784,indira.liu0784@example.com,Indira,Liu,US,2025-09-09T23:49:05,true
c00785,huy.quinn0785@example.com,Huy,Quinn,US,2025-10-16T07:29:30,true
c00786,uma.nguyen0786@example.com,Uma,Nguyen,US,2025-11-27T15:34:10,false
c00787,wen.vargas0787@example.com,Wen,Vargas,US,2025-09-27T23:13:26,true
c00788,rosa.reyes0788@example.com,Rosa,Reyes,BR,2025-12-16T15:43:09,false
c00789,vlad.vargas0789@example.com,Vlad,Vargas,US,2025-10-18T13:44:00,true
c00790,indira.kapoor0790@example.com,Indira,Kapoor,FR,2025-10-08T11:02:41,true
c00791,farah.xu0791@example.com,Farah,Xu,DE,2025-03-05T11:36:53,true
c00792,chen.zhao0792@example.com,Chen,Zhao,VN,2025-08-21T18:01:33,true
c00793,zane.liu0793@example.com,Zane,Liu,DE,2025-10-03T19:13:00,true
c00794,tara.yamada0794@example.com,Tara,Yamada,US,2025-09-02T22:43:56,true
c00795,nia.wang0795@example.com,Nia,Wang,FR,2026-03-08T02:06:45,true
c00796,tara.wang0796@example.com,Tara,Wang,US,2026-01-11T01:20:04,true
c00797,uma.jackson0797@example.com,Uma,Jackson,VN,2025-06-06T07:33:25,true
c00798,huy.esposito0798@example.com,Huy,Esposito,GB,2025-09-12T08:55:42,true
c00799,rosa.xu0799@example.com,Rosa,Xu,US,2025-10-28T08:11:58,true
c00800,tara.doan0800@example.com,Tara,Doan,US,2026-04-09T10:13:49,true
c00801,chen.bishop0801@example.com,Chen,Bishop,ES,2025-11-22T22:39:00,true
c00802,zane.xu0802@example.com,Zane,Xu,DE,2025-04-17T09:48:38,false
c00803,chen.ito0803@example.com,Chen,Ito,US,2025-06-19T21:57:07,true
c00804,tara.quinn0804@example.com,Tara,Quinn,AU,2025-04-10T03:23:25,true
c00805,ximena.liu0805@example.com,Ximena,Liu,BR,2026-01-07T12:02:06,true
c00806,yara.adler0806@example.com,Yara,Adler,ES,2025-04-29T23:31:01,true
c00807,qing.gomez0807@example.com,Qing,Gomez,DE,2025-04-20T01:05:29,true
c00808,ximena.faroukh0808@example.com,Ximena,Faroukh,US,2025-09-25T13:54:12,true
c00809,dana.vargas0809@example.com,Dana,Vargas,GB,2025-01-22T19:25:29,true
c00810,chen.ortiz0810@example.com,Chen,Ortiz,US,2025-09-10T18:57:31,true
c00811,indira.hsu0811@example.com,Indira,Hsu,US,2025-11-19T23:45:08,true
c00812,wen.bishop0812@example.com,Wen,Bishop,US,2025-02-17T17:10:25,true
c00813,indira.xu0813@example.com,Indira,Xu,GB,2025-08-31T03:15:59,true
c00814,dana.saito0814@example.com,Dana,Saito,FR,2025-08-30T16:51:59,true
c00815,zane.cole0815@example.com,Zane,Cole,VN,2025-06-27T11:08:53,true
c00816,indira.ueda0816@example.com,Indira,Ueda,US,2025-07-27T22:36:05,true
c00817,wen.ito0817@example.com,Wen,Ito,FR,2025-08-04T13:04:02,true
c00818,indira.gomez0818@example.com,Indira,Gomez,US,2025-08-17T04:28:05,true
c00819,zane.nguyen0819@example.com,Zane,Nguyen,GB,2025-04-26T09:03:07,true
c00820,vlad.saito0820@example.com,Vlad,Saito,GB,2025-07-10T01:42:36,true
c00821,jakub.xu0821@example.com,Jakub,Xu,GB,2025-08-19T16:54:52,true
c00822,nia.adler0822@example.com,Nia,Adler,DE,2025-09-21T04:29:34,true
c00823,priya.esposito0823@example.com,Priya,Esposito,US,2025-09-04T11:16:03,true
c00824,gus.zhao0824@example.com,Gus,Zhao,CA,2025-11-18T10:56:21,true
c00825,farah.tran0825@example.com,Farah,Tran,AU,2025-05-22T15:33:39,true
c00826,elena.park0826@example.com,Elena,Park,AU,2026-02-22T07:44:51,true
c00827,elena.zhao0827@example.com,Elena,Zhao,GB,2026-01-24T05:36:51,true
c00828,priya.ortiz0828@example.com,Priya,Ortiz,US,2026-01-28T18:50:15,true
c00829,marcos.doan0829@example.com,Marcos,Doan,US,2025-08-08T17:33:38,true
c00830,farah.marchetti0830@example.com,Farah,Marchetti,VN,2025-12-07T18:33:26,false
c00831,nia.ito0831@example.com,Nia,Ito,AU,2025-02-23T05:16:41,true
c00832,bao.zhao0832@example.com,Bao,Zhao,US,2025-08-29T06:39:35,true
c00833,bao.saito0833@example.com,Bao,Saito,ES,2025-06-20T22:52:18,true
c00834,rosa.zhao0834@example.com,Rosa,Zhao,ES,2025-10-06T20:55:24,true
c00835,vlad.xu0835@example.com,Vlad,Xu,US,2025-11-28T07:50:18,true
c00836,zane.reyes0836@example.com,Zane,Reyes,US,2025-08-15T16:22:32,true
c00837,marcos.quinn0837@example.com,Marcos,Quinn,BR,2025-10-30T02:31:49,true
c00838,sven.vargas0838@example.com,Sven,Vargas,US,2026-02-17T09:12:04,true
c00839,oluwa.zhao0839@example.com,Oluwa,Zhao,BR,2025-01-12T20:53:01,true
c00840,bao.nguyen0840@example.com,Bao,Nguyen,DE,2025-06-04T06:19:56,true
c00841,qing.liu0841@example.com,Qing,Liu,GB,2025-12-15T08:18:05,true
c00842,gus.cole0842@example.com,Gus,Cole,JP,2025-12-07T21:32:47,true
c00843,kai.liu0843@example.com,Kai,Liu,CA,2026-01-27T04:15:22,true
c00844,dana.hsu0844@example.com,Dana,Hsu,VN,2025-10-17T22:38:50,true
c00845,rosa.doan0845@example.com,Rosa,Doan,JP,2025-10-03T03:19:25,true
c00846,wen.marchetti0846@example.com,Wen,Marchetti,ES,2026-02-05T09:13:11,true
c00847,kai.hsu0847@example.com,Kai,Hsu,US,2025-10-02T18:30:45,true
c00848,uma.adler0848@example.com,Uma,Adler,US,2026-03-06T10:07:49,true
c00849,huy.park0849@example.com,Huy,Park,US,2026-04-21T11:42:34,true
c00850,gus.jackson0850@example.com,Gus,Jackson,FR,2025-04-22T06:58:40,true
c00851,alex.ito0851@example.com,Alex,Ito,US,2025-03-10T00:05:44,true
c00852,farah.vargas0852@example.com,Farah,Vargas,US,2026-03-23T17:52:04,true
c00853,chen.esposito0853@example.com,Chen,Esposito,FR,2026-03-29T07:17:59,true
c00854,qing.tran0854@example.com,Qing,Tran,JP,2025-06-15T07:22:52,true
c00855,marcos.wang0855@example.com,Marcos,Wang,US,2026-01-29T13:21:49,true
c00856,alex.wang0856@example.com,Alex,Wang,GB,2025-05-13T11:59:16,true
c00857,lina.kapoor0857@example.com,Lina,Kapoor,BR,2025-03-22T23:26:26,true
c00858,qing.nguyen0858@example.com,Qing,Nguyen,GB,2025-07-18T05:24:47,true
c00859,farah.wang0859@example.com,Farah,Wang,GB,2025-09-11T12:18:17,true
c00860,bao.ueda0860@example.com,Bao,Ueda,VN,2025-08-07T06:42:08,true
c00861,sven.adler0861@example.com,Sven,Adler,US,2026-01-09T02:38:35,true
c00862,marcos.ueda0862@example.com,Marcos,Ueda,GB,2024-12-10T05:32:48,true
c00863,chen.tran0863@example.com,Chen,Tran,FR,2025-07-07T01:27:53,true
c00864,sven.vargas0864@example.com,Sven,Vargas,US,2025-07-06T02:34:34,true
c00865,wen.faroukh0865@example.com,Wen,Faroukh,DE,2025-09-03T09:05:24,true
c00866,sven.ortiz0866@example.com,Sven,Ortiz,VN,2025-12-02T23:47:52,true
c00867,bao.esposito0867@example.com,Bao,Esposito,BR,2025-09-03T16:03:02,true
c00868,farah.saito0868@example.com,Farah,Saito,US,2025-03-28T07:15:25,true
c00869,uma.faroukh0869@example.com,Uma,Faroukh,US,2025-05-27T20:57:04,true
c00870,priya.ortiz0870@example.com,Priya,Ortiz,US,2025-11-13T04:11:49,false
c00871,elena.esposito0871@example.com,Elena,Esposito,GB,2025-10-28T06:27:31,true
c00872,kai.park0872@example.com,Kai,Park,BR,2025-10-10T00:31:49,true
c00873,indira.doan0873@example.com,Indira,Doan,US,2026-02-15T04:36:16,true
c00874,gus.adler0874@example.com,Gus,Adler,DE,2026-01-09T19:56:49,true
c00875,sven.gomez0875@example.com,Sven,Gomez,FR,2025-08-23T22:51:29,true
c00876,alex.xu0876@example.com,Alex,Xu,FR,2026-02-11T20:14:27,true
c00877,jakub.park0877@example.com,Jakub,Park,US,2025-05-11T17:44:56,true
c00878,nia.bishop0878@example.com,Nia,Bishop,US,2025-06-07T13:48:04,true
c00879,marcos.esposito0879@example.com,Marcos,Esposito,US,2025-11-01T04:36:21,true
c00880,tara.adler0880@example.com,Tara,Adler,US,2025-10-02T00:13:23,true
c00881,uma.ueda0881@example.com,Uma,Ueda,GB,2025-08-19T10:58:09,true
c00882,indira.esposito0882@example.com,Indira,Esposito,AU,2025-12-07T16:45:32,true
c00883,tara.kapoor0883@example.com,Tara,Kapoor,GB,2025-08-13T02:56:50,true
c00884,indira.vargas0884@example.com,Indira,Vargas,US,2025-09-14T08:02:58,true
c00885,oluwa.quinn0885@example.com,Oluwa,Quinn,US,2025-09-13T22:13:48,false
c00886,tara.faroukh0886@example.com,Tara,Faroukh,US,2025-06-05T06:37:00,true
c00887,elena.zhao0887@example.com,Elena,Zhao,GB,2026-02-15T22:11:27,true
c00888,farah.yamada0888@example.com,Farah,Yamada,US,2025-08-15T13:31:27,false
c00889,rosa.kapoor0889@example.com,Rosa,Kapoor,US,2025-08-17T01:14:59,true
c00890,kai.wang0890@example.com,Kai,Wang,US,2026-01-24T15:10:40,false
c00891,alex.wang0891@example.com,Alex,Wang,US,2025-11-13T11:55:30,true
c00892,nia.saito0892@example.com,Nia,Saito,US,2025-09-29T04:34:59,true
c00893,marcos.hsu0893@example.com,Marcos,Hsu,US,2025-08-30T03:34:23,true
c00894,wen.park0894@example.com,Wen,Park,GB,2025-11-22T12:47:04,true
c00895,nia.ueda0895@example.com,Nia,Ueda,US,2026-01-15T04:37:06,true
c00896,chen.jackson0896@example.com,Chen,Jackson,ES,2025-11-09T06:30:11,true
c00897,kai.bishop0897@example.com,Kai,Bishop,AU,2025-08-03T10:58:17,true
c00898,elena.nguyen0898@example.com,Elena,Nguyen,US,2025-08-07T22:46:26,true
c00899,sven.gomez0899@example.com,Sven,Gomez,FR,2025-11-26T09:18:03,true
c00900,chen.liu0900@example.com,Chen,Liu,AU,2025-11-19T12:46:40,true
c00901,indira.zhao0901@example.com,Indira,Zhao,GB,2026-01-10T17:48:31,true
c00902,sven.reyes0902@example.com,Sven,Reyes,CA,2025-11-25T18:32:57,true
c00903,chen.yamada0903@example.com,Chen,Yamada,US,2025-12-07T21:32:04,true
c00904,uma.kapoor0904@example.com,Uma,Kapoor,US,2026-01-05T02:18:15,true
c00905,kai.zhao0905@example.com,Kai,Zhao,US,2025-02-05T20:50:25,true
c00906,tara.quinn0906@example.com,Tara,Quinn,US,2025-08-29T00:11:10,true
c00907,tara.doan0907@example.com,Tara,Doan,JP,2025-10-20T23:47:57,true
c00908,yara.park0908@example.com,Yara,Park,US,2026-01-10T18:09:40,true
c00909,oluwa.cole0909@example.com,Oluwa,Cole,US,2025-06-23T23:19:52,true
c00910,nia.bishop0910@example.com,Nia,Bishop,DE,2026-02-06T06:27:54,true
c00911,vlad.tran0911@example.com,Vlad,Tran,GB,2025-11-02T17:07:40,true
c00912,indira.nguyen0912@example.com,Indira,Nguyen,CA,2025-07-25T08:29:54,true
c00913,jakub.marchetti0913@example.com,Jakub,Marchetti,US,2025-10-04T07:41:39,true
c00914,tara.gomez0914@example.com,Tara,Gomez,US,2025-11-10T15:16:14,true
c00915,lina.saito0915@example.com,Lina,Saito,FR,2026-03-10T12:52:01,true
c00916,farah.ito0916@example.com,Farah,Ito,ES,2025-07-03T12:36:48,true
c00917,nia.marchetti0917@example.com,Nia,Marchetti,BR,2025-12-14T02:27:42,true
c00918,oluwa.wang0918@example.com,Oluwa,Wang,US,2025-08-29T17:35:53,true
c00919,qing.tran0919@example.com,Qing,Tran,JP,2026-01-26T07:24:47,true
c00920,oluwa.xu0920@example.com,Oluwa,Xu,US,2026-01-03T08:04:24,true
c00921,dana.faroukh0921@example.com,Dana,Faroukh,US,2025-04-25T05:59:56,true
c00922,bao.marchetti0922@example.com,Bao,Marchetti,AU,2025-08-27T10:29:19,true
c00923,chen.wang0923@example.com,Chen,Wang,US,2025-10-15T19:05:23,true
c00924,huy.hsu0924@example.com,Huy,Hsu,US,2025-09-19T06:09:23,true
c00925,chen.zhao0925@example.com,Chen,Zhao,JP,2025-04-30T19:28:20,true
c00926,marcos.liu0926@example.com,Marcos,Liu,GB,2026-01-16T00:32:27,true
c00927,lina.marchetti0927@example.com,Lina,Marchetti,US,2026-01-15T05:58:25,true
c00928,bao.kapoor0928@example.com,Bao,Kapoor,US,2025-09-08T07:56:55,true
c00929,gus.kapoor0929@example.com,Gus,Kapoor,US,2025-11-07T18:26:43,true
c00930,jakub.esposito0930@example.com,Jakub,Esposito,US,2025-11-14T07:17:57,true
c00931,gus.jackson0931@example.com,Gus,Jackson,DE,2025-10-29T05:47:06,true
c00932,uma.cole0932@example.com,Uma,Cole,DE,2025-11-24T12:43:49,true
c00933,alex.ueda0933@example.com,Alex,Ueda,US,2026-01-20T17:29:16,true
c00934,tara.faroukh0934@example.com,Tara,Faroukh,ES,2025-04-09T21:51:20,true
c00935,wen.quinn0935@example.com,Wen,Quinn,ES,2026-01-17T22:40:41,false
c00936,nia.ortiz0936@example.com,Nia,Ortiz,US,2025-04-07T13:47:43,true
c00937,ximena.tran0937@example.com,Ximena,Tran,BR,2025-05-22T01:30:42,false
c00938,nia.esposito0938@example.com,Nia,Esposito,AU,2025-03-20T14:14:23,true
c00939,lina.ueda0939@example.com,Lina,Ueda,US,2025-10-30T16:09:14,true
c00940,elena.gomez0940@example.com,Elena,Gomez,US,2025-10-05T14:59:18,true
c00941,elena.cole0941@example.com,Elena,Cole,DE,2025-05-12T23:29:07,true
c00942,oluwa.cole0942@example.com,Oluwa,Cole,GB,2025-10-21T05:21:40,true
c00943,huy.bishop0943@example.com,Huy,Bishop,FR,2026-01-03T13:58:17,true
c00944,dana.ortiz0944@example.com,Dana,Ortiz,US,2025-08-19T06:07:21,true
c00945,tara.esposito0945@example.com,Tara,Esposito,GB,2025-11-28T07:17:34,true
c00946,ximena.doan0946@example.com,Ximena,Doan,US,2025-03-10T09:57:13,true
c00947,chen.nguyen0947@example.com,Chen,Nguyen,VN,2025-09-23T18:39:05,true
c00948,kai.bishop0948@example.com,Kai,Bishop,CA,2025-01-27T00:20:49,true
c00949,elena.zhao0949@example.com,Elena,Zhao,GB,2026-02-12T07:40:26,true
c00950,zane.wang0950@example.com,Zane,Wang,GB,2025-02-21T04:57:52,true
c00951,elena.faroukh0951@example.com,Elena,Faroukh,US,2026-01-09T15:46:09,true
c00952,elena.bishop0952@example.com,Elena,Bishop,US,2026-04-11T06:14:18,true
c00953,kai.nguyen0953@example.com,Kai,Nguyen,US,2025-04-22T12:49:39,false
c00954,uma.hsu0954@example.com,Uma,Hsu,US,2025-12-29T08:40:37,true
c00955,indira.tran0955@example.com,Indira,Tran,US,2025-02-21T00:54:28,true
c00956,nia.adler0956@example.com,Nia,Adler,US,2025-07-21T23:24:47,true
c00957,huy.wang0957@example.com,Huy,Wang,BR,2025-10-22T06:14:16,true
c00958,vlad.liu0958@example.com,Vlad,Liu,ES,2026-01-26T14:54:38,true
c00959,indira.zhao0959@example.com,Indira,Zhao,US,2026-01-21T01:20:12,true
c00960,chen.marchetti0960@example.com,Chen,Marchetti,US,2026-02-08T17:07:46,true
c00961,chen.ito0961@example.com,Chen,Ito,US,2025-08-21T15:32:41,true
c00962,dana.vargas0962@example.com,Dana,Vargas,US,2026-02-19T00:56:52,true
c00963,vlad.marchetti0963@example.com,Vlad,Marchetti,US,2025-08-09T19:02:57,true
c00964,qing.ortiz0964@example.com,Qing,Ortiz,GB,2025-09-30T05:40:03,true
c00965,sven.zhao0965@example.com,Sven,Zhao,AU,2025-08-07T10:51:48,true
c00966,uma.ueda0966@example.com,Uma,Ueda,VN,2025-03-05T22:27:56,true
c00967,alex.adler0967@example.com,Alex,Adler,GB,2025-10-02T20:49:59,true
c00968,tara.xu0968@example.com,Tara,Xu,US,2025-12-28T03:58:04,true
c00969,alex.liu0969@example.com,Alex,Liu,VN,2026-01-27T22:05:25,true
c00970,gus.bishop0970@example.com,Gus,Bishop,GB,2024-12-26T00:11:29,true
c00971,ximena.jackson0971@example.com,Ximena,Jackson,GB,2026-01-17T20:08:48,true
c00972,lina.ito0972@example.com,Lina,Ito,FR,2025-12-24T09:43:57,true
c00973,sven.yamada0973@example.com,Sven,Yamada,FR,2026-02-13T15:30:39,true
c00974,chen.ito0974@example.com,Chen,Ito,JP,2025-03-01T14:28:53,true
c00975,rosa.faroukh0975@example.com,Rosa,Faroukh,VN,2025-12-02T20:54:42,true
c00976,marcos.yamada0976@example.com,Marcos,Yamada,ES,2026-01-08T11:56:05,false
c00977,tara.cole0977@example.com,Tara,Cole,US,2025-12-02T13:16:32,false
c00978,kai.ito0978@example.com,Kai,Ito,DE,2025-12-26T18:49:35,true
c00979,priya.quinn0979@example.com,Priya,Quinn,GB,2025-12-22T01:15:40,true
c00980,marcos.nguyen0980@example.com,Marcos,Nguyen,US,2025-02-20T15:37:24,true
c00981,chen.liu0981@example.com,Chen,Liu,US,2025-02-16T09:58:07,true
c00982,priya.wang0982@example.com,Priya,Wang,DE,2025-06-27T09:23:46,true
c00983,priya.wang0983@example.com,Priya,Wang,US,2026-01-01T15:53:04,true
c00984,yara.doan0984@example.com,Yara,Doan,JP,2025-07-10T09:02:30,true
c00985,uma.gomez0985@example.com,Uma,Gomez,DE,2025-08-16T00:01:43,true
c00986,chen.faroukh0986@example.com,Chen,Faroukh,US,2026-01-01T13:11:33,true
c00987,zane.bishop0987@example.com,Zane,Bishop,US,2025-06-04T12:52:24,true
c00988,ximena.quinn0988@example.com,Ximena,Quinn,BR,2025-07-02T02:38:39,true
c00989,marcos.park0989@example.com,Marcos,Park,GB,2025-11-27T22:14:10,true
c00990,huy.zhao0990@example.com,Huy,Zhao,GB,2025-05-24T18:33:17,true
c00991,qing.bishop0991@example.com,Qing,Bishop,US,2026-01-30T01:06:46,true
c00992,zane.adler0992@example.com,Zane,Adler,BR,2025-05-21T02:59:10,true
c00993,tara.tran0993@example.com,Tara,Tran,CA,2025-10-30T15:45:02,true
c00994,elena.park0994@example.com,Elena,Park,US,2025-01-15T13:21:41,true
c00995,priya.tran0995@example.com,Priya,Tran,VN,2025-08-16T09:52:29,true
c00996,alex.park0996@example.com,Alex,Park,JP,2025-08-01T13:02:19,true
c00997,nia.esposito0997@example.com,Nia,Esposito,US,2025-09-06T21:59:30,true
c00998,bao.park0998@example.com,Bao,Park,CA,2026-03-27T11:08:33,true
c00999,nia.zhao0999@example.com,Nia,Zhao,CA,2026-03-05T06:37:29,true
c01000,zane.ito1000@example.com,Zane,Ito,FR,2025-01-20T09:06:26,true
